name,sku,barcode,category,supplier,qty,cost,price,brand,volume_ml,unit,parfumo_url,match_type,parfumo_url,match_type
Lovers cassette,loverskasseta,4780071940103,Авто парфюм,Labor sklad,48,12100,90000,labor,,Штука,,,,
London Eye cassette,londonkasseta,4780071940127,Авто парфюм,Labor sklad,47,12100,90000,labor,,Штука,,,,
Santrope cassette,santropekasseta,4780071940097,Авто парфюм,Labor sklad,39,12100,90000,labor,,Штука,,,,
AIN Dubai cassette,aindubaikasseta,4780071940110,Авто парфюм,Labor sklad,50,12100,90000,labor,,Штука,,,,
CAR Parfum Orange,avtoparfum,0752259525956,Авто парфюм,Labor sklad,27,60500,360000,labor,,Штука,,,,
Wood Sage & Sea Salt Jo Malone London,woodsage,2000000005270,Parfum,Labor sklad,80,2420,16000,Jo Malone London,,Милллилитр,,,,
MR Flakon 20 ml,mramor20,2000000005263,Флакон,"Labor sklad, okiii_flakon",49,12100,20000,okiii,,Штука,,,,
Body Lotion Osmanthus Jasmine,bodyosmanthus,5061116470151,Лосьон,,10,24200,120000,labor,,Штука,,,,
Body Lotion Violet Peach,bodyviolet,5061116470144,Лосьон,Labor sklad,5,24200,120000,labor,,Штука,,,,
Body Lotion Vanilla Milk,bodyvanilla,5061116470137,Лосьон,Labor sklad,12,24200,120000,labor,,Штука,,,,
Acqua di Gio Profumo Giorgio Armani,acquadigio-armani,2000000005256,Parfum,Labor sklad,276,2420,16000,Giorgio Armani,,Милллилитр,https://www.parfumo.com/Perfumes/Giorgio_Armani/Acqua_di_Gio_Profumo,fuzzy_brand_0.83,https://www.parfumo.com/Perfumes/Giorgio_Armani/Acqua_di_Gio_Profumo,fuzzy_brand_0.83
Blue Seduction Antonio Banderas,blueseduc-banderas,2000000005249,Parfum,Labor sklad,141,2420,16000,Antonio Banderas,,Милллилитр,,,,
Hugo Boss Bottled Unlimited Hugo Boss,unlimited-boss,2000000005232,Parfum,Labor sklad,96,2420,16000,Hugo Boss,,Милллилитр,,,,
Moschino Funny! Moschino,funny-moschino,2000000005225,Parfum,Labor sklad,25,2420,16000,Moschino,,Милллилитр,,,,
Valentino Uomo Born In Roma Intense Valentino,uomoborn-valentino,2000000005218,Parfum,Labor sklad,141,2420,16000,Valentino,,Милллилитр,https://www.parfumo.com/Perfumes/Valentino/valentino-uomo-born-in-roma-intense,fuzzy_brand_0.88,https://www.parfumo.com/Perfumes/Valentino/valentino-uomo-born-in-roma-intense,fuzzy_brand_0.88
Valentino Donna Born In Roma Intense Valentino,donnaborn-valentino,2000000005201,Parfum,Labor sklad,161,2420,16000,Valentino,,Милллилитр,https://www.parfumo.com/Perfumes/Valentino/valentino-donna-born-in-roma-intense,fuzzy_brand_0.88,https://www.parfumo.com/Perfumes/Valentino/valentino-donna-born-in-roma-intense,fuzzy_brand_0.88
Versace Pour Homme Dylan Blue Versace,dylenblue-versace,2000000005195,Parfum,Labor sklad,225,2420,16000,Versace,,Милллилитр,https://www.parfumo.com/Perfumes/Versace/Versace_pour_Femme_Dylan_Blue,fuzzy_brand_0.82,https://www.parfumo.com/Perfumes/Versace/Versace_pour_Femme_Dylan_Blue,fuzzy_brand_0.82
Painter Genyum,painter-genyem,2000000005188,Parfum,Labor sklad,711,2420,16000,Genyum,,Милллилитр,,,,
Bal d'Afrique Absolu Byredo,afriqaabsolu-byredo,2000000005171,Parfum,Labor sklad,311,2420,16000,Byredo,,Милллилитр,,,,
Dopamine Hormone Paris,dopamin-hormparis,2000000005164,Parfum,Labor sklad,341,2420,16000,Hormone Paris,,Милллилитр,,,,
Herod Parfums de Marly,herod-dmarly,2000000005157,Parfum,Labor sklad,391,2420,16000,Parfums de Marly,,Милллилитр,,,,
Blanche Bete Les Liquides Imaginaires,blanchebete-liquid,2000000005140,Parfum,Labor sklad,276,2420,16000,Liquides Imaginaires,,Милллилитр,,,,
Torino24 Xerjoff,torino24-Xr,2000000005133,Parfum,Labor sklad,711,2420,16000,Xerjoff,,Милллилитр,,,,
Noir Tom Ford,noir-tomford,2000000005126,Parfum,Labor sklad,231,2420,16000,Tom Ford,,Милллилитр,,,,
Aoud Roja Dove,aoud-roja,2000000005119,Parfum,Labor sklad,306,2420,16000,Roja,,Милллилитр,,,,
Lost In Paris Roja Dove,lostparis-roja,2000000005102,Parfum,Labor sklad,500,2420,16000,ROJA,,Милллилитр,,,,
Cuir InfraRouge Maison Crivelli,cuir-maisoncr,2000000005096,Parfum,Labor sklad,201,2420,16000,Clive Christian,,Милллилитр,,,,
Le Beau Paradise Garden Jean Paul Gaultier,paradisegarden,2000000005089,Parfum,Labor sklad,626,2420,16000,Jean Paul Gaultier,,Милллилитр,,,,
Blonde Amber Clive Christian,blondeamber-clive,2000000005072,Parfum,Labor sklad,190,2420,16000,Clive Christian,,Милллилитр,,,,
Town & Country Clive Christian,townCountry-clive,2000000005065,Parfum,Labor sklad,391,2420,16000,Clive Christian,,Милллилитр,,,,
FUGAZZI by BORNTOSTANDOUT,fugazzi-born,2000000005058,Parfum,Labor sklad,185,2420,16000,BORNTOSTANDOUT,,Милллилитр,,,,
Guidance 46 Amouage,guidance46,2000000005041,Parfum,Labor sklad,468,2420,16000,Amouage,,Милллилитр,,,,
Colonia iL Profumo Acqua di Parma,colonia iL-parma,2000000005034,Parfum,Labor sklad,586,2420,16000,Acqua di Parma,,Милллилитр,,,,
Tygar x Refik Anadol Bvlgari,refik-bvlgari,2000000005027,Parfum,Labor sklad,385,2420,16000,Bvlgari,,Милллилитр,,,,
Avto Parfum Thomas Kosmala №4,avto-thomas,2000000005010,Авто парфюм,Labor sklad,1,12100,40000,labor,,Штука,,,,
Avto Parfum Bukhoor,avto-bukhoor,2000000005003,Авто парфюм,Labor sklad,14,12100,40000,labor,,Штука,,,,
Avto Parfum Imagination,avto-imagin,2000000004990,Авто парфюм,Labor sklad,1,12100,40000,labor,,Штука,,,,
Oud Cadenza Maison Crivelli,oudcadenza-maison,2000000004983,Parfum,Labor sklad,290,2420,16000,Maison Crivelli,,Милллилитр,,,,
Angels' Share Paradis By Kilian,angelparadis-kilian,2000000004976,Parfum,Labor sklad,303,2420,16000,Kilian,,Милллилитр,,,,
Ebene Fume Tom Ford,ebene-tomford,2000000004969,Parfum,Labor sklad,646,2420,16000,Tom Ford,,Милллилитр,,,,
Telea Tiziana Terenzi,telea-tiziana,2000000004952,Parfum,Labor sklad,401,2420,16000,Tiziana Terenzi,,Милллилитр,,,,
Palatine Parfums de Marly,palatine-demarly,2000000004945,Parfum,Labor sklad,87,2420,16000,Parfums de Marly,,Милллилитр,,,,
Castley Parfums de Marly,castley-demarly,2000000004938,Parfum,Labor sklad,135,2420,16000,Parfums de Marly,,Милллилитр,,,,
Risvelium Orto Parisi,risvelim-ortoparis,2000000004921,Parfum,Labor sklad,79,2420,16000,Orto Parisi,,Милллилитр,,,,
Hundred Silent Ways X Nishane,hundredXXX-nishane,2000000004914,Parfum,Labor sklad,554,2420,16000,NISHANE,,Милллилитр,https://www.parfumo.com/Perfumes/Nishane/hundred-silent-ways-x,fuzzy_brand_0.84,https://www.parfumo.com/Perfumes/Nishane/hundred-silent-ways-x,fuzzy_brand_0.84
Montabaco Rio 2025 Ormonde Jayne,montaRIO-ormonde,2000000004907,Parfum,Labor sklad,335,2420,16000,Ormonde Jayne,,Милллилитр,,,,
Ani X Nishane,aniX-nishane,2000000004891,Parfum,Labor sklad,411,2420,16000,NISHANE,,Милллилитр,,,,
Eau de Memo Memo Paris,eaudememo-memo,2000000004884,Parfum,Labor sklad,359,2420,16000,Memo Paris,,Милллилитр,,,,
Le Beau Parfum 2025 Maison Francis Kurkdjian,lebeau-kurkdjian,2000000004877,Parfum,Labor sklad,354,2420,16000,Maison Francis Kurkdjian,,Милллилитр,,,,
Santal Volcanique Maison Crivelli,santalVolc-maison,2000000004860,Parfum,Labor sklad,200,2420,16000,Maison Crivelli,,Милллилитр,,,,
Safran Secret Maison Crivelli,safransecret-maison,2000000004853,Parfum,Labor sklad,206,2420,16000,Maison Crivelli,,Милллилитр,,,,
Fleur du Desert Louis Vuitton,fleurdesert-LV,2000000004846,Parfum,Labor sklad,151,2420,16000,Louis Vuitton,,Милллилитр,,,,
Sun Song (2025) Louis Vuitton,sunsong-LV,2000000004839,Parfum,Labor sklad,252,2420,16000,Louis Vuitton,,Милллилитр,,,,
Good Girl Gone Bad Extreme By Kilian,goodgirl-Extreme,2000000004822,Parfum,Labor sklad,220,2420,16000,Kilian,,Милллилитр,https://www.parfumo.com/Perfumes/Kilian/Good_girl_gone_Bad_Extreme,fuzzy_brand_0.84,https://www.parfumo.com/Perfumes/Kilian/Good_girl_gone_Bad_Extreme,fuzzy_brand_0.84
Molecule 05 Escentric Molecules,molecule05,2000000004815,Parfum,Labor sklad,1,2420,16000,Escentric Molecules,,Милллилитр,,,,
Royal Mayfair Creed,royalMay-creed,2000000004808,Parfum,Labor sklad,186,2420,16000,Creed,,Милллилитр,,,,
Oud Zarian Creed,zarian-creed,2000000004792,Parfum,Labor sklad,128,2420,16000,Creed,,Милллилитр,,,,
Red Tea Vetiver Clive Christian,redtea-clive,2000000004785,Parfum,Labor sklad,126,2420,16000,Clive Christian,,Милллилитр,,,,
Opal Boadicea the Victorious,opal-boadicea,2000000004778,Parfum,Labor sklad,97,2420,16000,Boadicea the Victorious,,Милллилитр,https://www.parfumo.com/Perfumes/Boadicea_the_Victorious/1907,fuzzy_brand_0.90,https://www.parfumo.com/Perfumes/Boadicea_the_Victorious/1907,fuzzy_brand_0.90
Drunk Lovers BORNTOSTANDOUT,drunklovers,2000000004761,Parfum,Labor sklad,172,2420,16000,BORNTOSTANDOUT,,Милллилитр,,,,
Diffuzor JOLY,диффузор-жоли,2000000004754,aroma diffizor,Uniderm,2,177870,250000,labor,,Штука,,,,
Diffuzor Black Vanilla,диффузор-ванил,2000000004747,aroma diffizor,Uniderm,3,177870,250000,labor,,Штука,,,,
Magnit flakon 10 ml,magnit10магнит,2000000004730,flakon,okiii_flakon,27,19965,20000,okiii,,Штука,,,,
Luna Rossa Carbon Prada,carbonprada,2000000004723,Parfum,Labor sklad,135,2420,16000,PRADA,,Милллилитр,https://www.parfumo.com/Perfumes/Prada/Luna_Rossa_Carbon,fuzzy_brand_0.85,https://www.parfumo.com/Perfumes/Prada/Luna_Rossa_Carbon,fuzzy_brand_0.85
Boss Bottled Elixir Hugo Boss,elexirhugoboss,2000000004716,Parfum,Labor sklad,168,2420,16000,Hugo Boss,,Милллилитр,,,,
Boss Bottled Sport Hugo Boss,hugobossSport,2000000004709,Parfum,Labor sklad,141,2420,16000,Hugo Boss,,Милллилитр,,,,
Aqva Pour Homme Marine Bvlgari,aqua-bulgari,2000000004693,Parfum,Labor sklad,110,2420,16000,Bvlgari,,Милллилитр,https://www.parfumo.com/Perfumes/Bvlgari/Aqva_Pour_Homme_Marine_Toniq,fuzzy_brand_0.83,https://www.parfumo.com/Perfumes/Bvlgari/Aqva_Pour_Homme_Marine_Toniq,fuzzy_brand_0.83
Very Sexy Night Victoria's Secret,verysexy,2000000004686,Parfum,Labor sklad,72,2420,16000,Victoria's Secret,,Милллилитр,,,,
Allure Homme Sport Chanel,allursport,2000000004679,Parfum,Labor sklad,170,2420,16000,Chanel,,Милллилитр,https://www.parfumo.com/Perfumes/Chanel/Allure_Homme_Sport_Cologne,fuzzy_brand_0.86,https://www.parfumo.com/Perfumes/Chanel/Allure_Homme_Sport_Cologne,fuzzy_brand_0.86
J'adore Dior,jadori,2000000004662,Parfum,Labor sklad,91,2420,16000,Dior,,Милллилитр,https://www.parfumo.com/Perfumes/Dior/J_Adore_l_Or,fuzzy_brand_0.86,https://www.parfumo.com/Perfumes/Dior/J_Adore_l_Or,fuzzy_brand_0.86
English Pear Jo Malone London,englishpear 2-jomalone,2000000004655,Parfum,Labor sklad,87,2420,16000,Jo Malone London,,Штука,,,,
Nice Bergamote Essential Parfums,nicebergamot,2000000004648,Parfum,Labor sklad,10,2420,16000,Essential Parfums,,Милллилитр,,,,
Halley Tiziana Terenzi,halley-tizano,2000000004631,Parfum,Labor sklad,373,2420,16000,Tiziana Terenzi,,Милллилитр,,,,
Patchouli Magnetik Maison Crivelli,patcholi-mc,2000000004624,Parfum,Labor sklad,191,2420,16000,Maison Crivelli,,Милллилитр,,,,
Purpose 50 Amouage,purpose50,2000000004617,Parfum,Labor sklad,170,2420,16000,Amouage,,Милллилитр,,,,
Red Tobacco Mancera,redtobac-mancera,2000000004600,Parfum,Labor sklad,80,2420,16000,Mancera,,Милллилитр,,,,
"Pink Pepper, Elemi, Cinnamon, Leather Zielinski & Rozen",pinkpepper-zr,2000000004594,Parfum,Labor sklad,175,2420,16000,Zielinski & Rozen,,Милллилитр,https://www.parfumo.com/Perfumes/zielinski-rozen/pink-pepper-elemi-cinnamon-leather,fuzzy_brand_0.81,https://www.parfumo.com/Perfumes/zielinski-rozen/pink-pepper-elemi-cinnamon-leather,fuzzy_brand_0.81
Althair Parfums de Marly,alhair-marly,2000000004570,Parfum,Labor sklad,97,2420,16000,Parfums de Marly,,Милллилитр,,,,
Florentine Iris Ermenegildo Zegna,florentine-iris,2000000004563,Parfum,Labor sklad,155,2420,16000,Ermenegildo Zegna,,Милллилитр,,,,
Fierce Abercrombie & Fitch,fierce-af,2000000004556,Parfum,Labor sklad,460,2420,16000,Abercrombie & Fitch,,Милллилитр,https://www.parfumo.com/Perfumes/Abercrombie_Fitch/1892,fuzzy_brand_0.83,https://www.parfumo.com/Perfumes/Abercrombie_Fitch/1892,fuzzy_brand_0.83
Aqua Celestia Maison Francis Kurkdjian,celestia-kurk,2000000004549,Parfum,Labor sklad,330,2420,16000,Maison Francis Kurkdjian,,Милллилитр,,,,
Oud for Greatness Neo Initio Parfums Prives,greatneo-initio,2000000004532,Parfum,Labor sklad,125,2420,16000,INITIO,,Милллилитр,,,,
Hanuman Boadicea the Victorious,hanuman-bv,2000000004525,Parfum,Labor sklad,230,2420,16000,Boadicea the Victorious,,Милллилитр,https://www.parfumo.com/Perfumes/Boadicea_the_Victorious/1907,fuzzy_brand_0.85,https://www.parfumo.com/Perfumes/Boadicea_the_Victorious/1907,fuzzy_brand_0.85
Blue Heart Thameen,blueheart,2000000004518,Parfum,Labor sklad,537,2420,16000,Thameen,,Милллилитр,,,,
Ganymede Extrait Marc-Antoine Barrois,ganymadeXXX,2000000004501,Parfum,Labor sklad,350,2420,16000,Marc-Antoine Barrois,,Милллилитр,,,,
Jazz Club Maison Martin Margiela,jazzclub-mmm,2000000004495,Parfum,Labor sklad,335,2420,16000,Maison Margiela,,Милллилитр,,,,
Oud Wood Tom Ford,oud-tomford,2000000004488,Parfum,Labor sklad,225,2420,16000,Tom Ford,,Милллилитр,,,,
Meteore Louis Vuitton,meteore-lv,2000000004471,Parfum,Labor sklad,76,2420,16000,Louis Vuitton,,Милллилитр,,,,
Not A Perfume Juliette Has A Gun,notaperfume,2000000004464,Parfum,Labor sklad,145,2420,16000,Juliette Has A Gun,,Милллилитр,,,,
Jump Up And Kiss Me Hedonistic (2021) Clive Christian,hedonistic-clive,2000000004457,Parfum,Labor sklad,235,2420,60000,Clive Christian,,Милллилитр,,,,
Escentric 02 Escentric Molecules,escentric02,2000000004440,Parfum,Labor sklad,530,2420,16000,Escentric Molecules,,Милллилитр,,,,
Torino22 Xerjoff,torino22,2000000004433,Parfum,Labor sklad,725,2420,16000,XERJOFF,,Милллилитр,,,,
SAVON krem milo Relax 500 gr,relax500,4780071940783,Жидкое Мыло,Uniderm,0,13552,25000,Sofderm,,Штука,,,,
SAVON krem milo Thermal Spa 500 gr,spa500,4780071940752,Жидкое Мыло,Uniderm,1,13552,25000,Sofderm,,Штука,,,,
SAVON krem milo Natural 500 gr,natural500,4780071940776,Жидкое Мыло,Uniderm,0,13552,25000,Sofderm,,Штука,,,,
SAVON krem milo Romance 500 gr,romance500,4780071940745,Жидкое Мыло,Uniderm,1,13552,25000,Sofderm,,Штука,,,,
Antiseptik Sofderm Blue 400 ml,blue400,4780071940301,Antiseptik,Uniderm,5,42229,60000,Sofderm,,Штука,,,,
Antiseptik Sofderm Melon 400 ml,melon400,4780071940349,Antiseptik,Uniderm,5,42229,60000,Sofderm,,Штука,,,,
Antiseptik Sofderm Crystal 400 ml,crystal400,4780071940325,Antiseptik,Uniderm,6,42229,60000,Sofderm,,Штука,,,,
Antiseptik Sofderm Citiboy 400 ml,citiboy400,4780071940318,Antiseptik,Uniderm,1,42229,60000,Sofderm,,Штука,,,,
Antiseptik Sofderm Blue 100 ml,blue100,4780071940202,Antiseptik,Uniderm,0,12826,20000,Sofderm,,Штука,,,,
Antiseptik Sofderm Melon 100 ml,melon100,4780071940240,Antiseptik,Uniderm,0,12826,20000,Sofderm,,Штука,,,,
Antiseptik Sofderm Fleur 100 ml,fleur100,4780071940233,Antiseptik,Uniderm,0,12826,20000,Sofderm,,Штука,,,,
Antiseptik Sofderm Crystal 100 ml,crystal100,4780071940226,Antiseptik,Uniderm,0,12826,20000,Sofderm,,Штука,,,,
Antiseptik Sofderm Citiboy 100 ml,citiboy100,4780071940219,Antiseptik,Uniderm,0,12826,20000,Sofderm,,Штука,,,,
Antiseptik Sofderm Extra 50 ml,антисептик50,4780071940530,Antiseptik,Uniderm,15,8349,15000,Sofderm,,Штука,,,,
Love Don't Be Shy By Kilian,beshy-kilian,2000000004426,Parfum,Labor sklad,610,2420,16000,Kilian,,Милллилитр,,,,
Mefisto Gentiluomo Xerjoff,gentiluomo-xerjoff,2000000004419,Parfum,Labor sklad,244,2420,16000,Casa Tito,,Милллилитр,,,,
Bergamask Orto Parisi,bergamask-orto,2000000004402,Parfum,Labor sklad,375,2420,16000,Orto Parisi,,Милллилитр,,,,
The Muse ZARKOPERFUME,themuse-zarko,2000000004396,Parfum,Labor sklad,117,2420,16000,Zarkoperfume,,Милллилитр,,,,
Paragon Initio Parfums Prives,paragon-initio,2000000004389,Parfum,Labor sklad,150,2420,16000,INITIO,,Милллилитр,,,,
Lamar Kajal,lamar-kajal,2000000004372,Parfum,Labor sklad,265,2420,16000,Kajal,,Милллилитр,,,,
Eladaria Creed,elada-creed,2000000004365,Parfum,Labor sklad,160,2420,16000,Creed,,Милллилитр,,,,
Narcotic Delight Initio Parfums Prives,narcotic-initio,2000000004358,Parfum,Labor sklad,133,2420,16000,INITIO,,Милллилитр,,,,
Kurky Maison Francis Kurkdjian,kurky-kurkd,2000000004341,Parfum,Labor sklad,140,2420,16000,Maison Francis Kurkdjian,,Милллилитр,https://www.parfumo.com/Perfumes/Maison_Francis_Kurkdjian/754,fuzzy_brand_0.89,https://www.parfumo.com/Perfumes/Maison_Francis_Kurkdjian/754,fuzzy_brand_0.89
Valaya Parfums de Marly,valaya-marly,2000000004334,Parfum,Labor sklad,350,2420,16000,Parfums de Marly,,Милллилитр,,,,
Terre d’Hermès Intense,terre-intense,2000000004327,Parfum,Labor sklad,260,2420,16000,Hermès,,Милллилитр,,,,
Fragaria Creed,frag-creed,2000000004310,Parfum,Labor sklad,680,2420,16000,Creed,,Милллилитр,,,,
Miss Dior Blooming Bouquet Dior,bloomin-miss,2000000004303,Parfum,Labor sklad,434,2420,16000,Dior,,Милллилитр,https://www.parfumo.com/Perfumes/Dior/Miss_Dior_Blooming_Bouquet,fuzzy_brand_0.91,https://www.parfumo.com/Perfumes/Dior/Miss_Dior_Blooming_Bouquet,fuzzy_brand_0.91
Marijuana Byredo,mari_byredo,2000000004297,Parfum,Labor sklad,546,2420,16000,Byredo,,Милллилитр,,,,
Kalso-Флакон калцо 10 мл,10-kalso,2000000004280,flakon,okiii_flakon,65,10890,20000,okiii,,Штука,,,,
Kalso-Флакон калцо 20 мл,20-kalso,2000000004273,flakon,okiii_flakon,56,16940,20000,okiii,,Штука,,,,
Aldebaran Marc-Antoine Barrois,aldebaran_mab,2000000004266,Parfum,Labor sklad,618,2420,16000,Marc-Antoine Barrois,,Милллилитр,,,,
eLVes Louis Vuitton,elves_lv,2000000004259,Parfum,Labor sklad,545,2420,16000,Louis Vuitton,,Милллилитр,,,,
Chance Eau Splendide Chanel,splendide_chanel,2000000004242,Parfum,Labor sklad,169,2420,16000,Chanel,,Милллилитр,,,,
LUNARIO Casa Tito,lun-casa,6294513478256,Parfum,Labor sklad,7,726000,1950000,Casa Tito,,Штука,,,,
VANORIA Casa Tito,van-casa,6294510774429,Parfum,Labor sklad,8,726000,1950000,Casa Tito,,Штука,,,,
MUSCAVILLA Casa Tito,musca-casa,6294510778755,Parfum,Labor sklad,6,726000,1950000,Casa Tito,,Штука,,,,
Гель для душа парфюмированный Symphony 300 гр,geldlyadusha-symphony,4780071941889,Гель для душа,"Labor sklad, Uniderm",6,75020,120000,labor,,Штука,,,,
Musk Therapy Initio Parfums Prives,musktherapy-initio,2000000004235,Parfum,Labor sklad,194,2420,16000,INITIO,,Милллилитр,,,,
Rehab Initio Parfums Prives,rehab-initio,2000000004228,Parfum,Labor sklad,213,2420,16000,INITIO,,Милллилитр,,,,
Гель для душа парфюмированный Good Girl Gone Bad 300 гр,geldlyadusha_goodgirl,4780071942299,Гель для душа,Uniderm,1,75020,120000,labor,,Штука,,,,
Гель для душа парфюмированный Molecula 020 300 гр,geldlyadusha_molecula020,4780071942251,Гель для душа,Uniderm,3,75020,120000,labor,,Штука,,,,
Гель для душа парфюмированный Flora 300 гр,geldlyadusha_flora,4780071942275,Гель для душа,Uniderm,8,75020,120000,labor,,Штука,,,,
Гель для душа парфюмированный My Way 300 gr,geldlyadusha_myway,4780071942282,Гель для душа,Uniderm,6,75020,120000,labor,,Штука,,,,
Casa Tito ECSTASY Collection,ekstaz-nabor,6290012343583,Parfum,Labor sklad,8,423500,1170000,Casa Tito,,Штука,,,,
Casa Tito EUPHORIA Collection,eyforia-nabor,6290012343583,Parfum,Labor sklad,7,423500,1117000,Casa Tito,,Штука,,,,
Универсальный парфюм Megamare 50 ml,uni-parfum-megamare,4780071942152,Домашний парфюм,Uniderm,7,62920,90000,labor,,Штука,,,,
Универсальный парфюм  Symphony 50 ml,uni-parfum-symphony,4780071942114,Домашний парфюм,Uniderm,0,62920,90000,labor,,Штука,,,,
Универсальный парфюм Molecule 02 50 ml,uni-parfum-molecule,4780071942138,Домашний парфюм,Uniderm,1,62920,90000,labor,,Штука,,,,
Универсальный парфюм Ombre Leather 50 ml,uni-parfum-ombre,4780071942039,Домашний парфюм,Uniderm,0,62920,67600,labor,,Штука,,,,
Универсальный парфюм Ganymed 50 ml,uni-parfum-ganymed,4780071942060,Домашний парфюм,Uniderm,6,62920,67600,labor,,Штука,,,,
Универсальный парфюм My Way 50 ml,uni-parfum-myway,4780071942053,Домашний парфюм,Uniderm,0,62920,90000,labor,,Штука,,,,
Универсальный парфюм Black Code 50 ml,uni-parfum-code,4780071941964,Домашний парфюм,Uniderm,6,36300,90000,labor,,Штука,,,,
Универсальный парфюм  Black Afgano 50 ml,uni-parfum-afgano,4780071941971,Домашний парфюм,Uniderm,6,36300,90000,labor,,Штука,,,,
Универсальный парфюм TYGAR 50 ml,uni-parfum-tyger,4780071942008,Домашний парфюм,Uniderm,0,36300,90000,labor,,Штука,,,,
Kissing Burns 6.4 Calories,kissin 6.4-bykilian,2000000004204,Parfum,Labor sklad,657,2420,16000,Kilian,,Милллилитр,,,,
Roses on Ice By Kilian,roses-bykilian,2000000004198,Parfum,Labor sklad,700,2420,16000,Kilian,,Милллилитр,,,,
Diffuzor Rosso Nobili,диффузор-россо,2000000004181,aroma diffizor,Uniderm,0,177870,250000,labor,,Штука,,,,
Домашний парфюм Tygar 220 ml,domashpr-tyger,4780071941919,Домашний парфюм,"Labor sklad, Uniderm",3,56265,100000,labor,,Штука,,,,
флакон 20 мл c парфюм,флакон20мл,2000000004167,flakon,Labor sklad,13,181500,300000,labor,,Штука,,,,
Indian Venus Haute Fragrance Company HFC,indian-hfc,2000000004143,Parfum,Labor sklad,441,2420,16000,HFC,,Милллилитр,,,,
Angels' Share By Kilian,angels-kilian,2000000004136,Parfum,Labor sklad,436,2420,16000,Kilian,,Милллилитр,,,,
More Than Words Xerjoff,morethan-xerjof,2000000004129,Parfum,Labor sklad,467,2420,16000,Xerjoff,,Милллилитр,,,,
Delina Exclusif Parfums de Marly,del-exclusif-marly,2000000004112,Parfum,Labor sklad,468,2420,16000,Parfums de Marly,,Милллилитр,,,,
Универсальный парфюм Montabaco 50 ml,uni-parfum-montabaco,4780071941957,Домашний парфюм,Uniderm,0,60500,90000,labor,,Штука,,,,
Универсальный парфюм Good Girl Gone Bad 50 ml,uni-parfum-good girl,4780071942084,Домашний парфюм,Uniderm,4,36300,90000,labor,,Штука,,,,
Универсальный парфюм Limmensite 50 ml,uni-parfum-limmensite,4780071942121,Домашний парфюм,Uniderm,1,60500,90000,labor,,Штука,,,,
Универсальный парфюм Aventus 50 ml,uni-parfum-aventus,4780071941988,Домашний парфюм,Uniderm,3,36300,90000,labor,,Штука,,,,
Универсальный парфюм Sauvage 50 ml,uni-parfum-sauvage,4780071942077,Домашний парфюм,Uniderm,8,60500,90000,labor,,Штука,,,,
Универсальный парфюм Tobacco Vanille 50 ml,uni-parfum-tobaccovanil,4780071941940,Домашний парфюм,Uniderm,0,36300,90000,labor,,Штука,,,,
Универсальный парфюм Flora 50 ml,uni-parfum-flora,4780071942046,Домашний парфюм,Uniderm,2,36300,90000,labor,,Штука,,,,
Универсальный парфюм Elysium 50 ml,uni-parfum-eleysium,4780071942107,Домашний парфюм,Uniderm,0,60500,90000,labor,,Штука,,,,
Крем парфюмированный Eyphoria,krem-eyphoria,2000000004068,krem,Labor sklad,18,2420,180000,Casa Tito,,Штука,,,,
Крем парфюмированный Ecstasy,krem-ecstasy,2000000004051,krem,Labor sklad,17,121000,180000,Casa Tito,,Штука,,,,
Флакон луи виттон для парфюма кожаный,flakon-koja-louivitton,2000000004044,flakon,Labor sklad,52,60500,100000,labor,,Штука,,,,
Флакон квадрат для парфюма кожаный,flakon-koja-kvadrat,2000000004037,flakon,Labor sklad,62,60500,100000,labor,,Штука,,,,
Флакон зеленый для парфюма кожаный,flakon-koja-zeleniy,2000000004020,flakon,Labor sklad,22,60500,100000,labor,,Штука,,,,
Флакон розовый для парфюма кожаный,flakon-koja-roziviy,2000000004013,flakon,Labor sklad,36,60500,100000,labor,,Штука,,,,
Флакон оранжевый для парфюма кожаный,flakon-koja-orang,2000000004006,flakon,Labor sklad,48,60500,100000,labor,,Штука,,,,
Mango Skin Vilhelm Parfumerie,mangoskin-vilhelm,2000000003955,Parfum,Labor sklad,470,2420,16000,Vilhelm Parfumerie,,Милллилитр,,,,
Cedre Atlas Atelier Cologne,cedreatlas-cologne,2000000003948,Parfum,Labor sklad,118,2420,16000,Atelier Cologne,,Милллилитр,,,,
Gran Ballo Casa Moratti,granballo-casa,2000000003931,Parfum,Labor sklad,610,2420,16000,Xerjoff,,Милллилитр,,,,
Replica Lazy Sunday Morning Maison Martin Margiela,replicalazy-maison,2000000003924,Parfum,Labor sklad,24,2420,16000,Maison Margiela,,Милллилитр,,,,
Dear Polly Vilhelm Parfumerie,dearpilly-vilhe,2000000003917,Parfum,Labor sklad,40,2420,16000,Vilhelm Parfumerie,,Милллилитр,,,,
Black Eyes Never Lies,black-eyes-never,2000000003900,Parfum,Labor sklad,449,2420,16000,Never Lies,,Милллилитр,,,,
Cedrat Boise Mancera,cedrat-mancera,2000000003894,Parfum,Labor sklad,446,2420,16000,Mancera,,Милллилитр,,,,
Liebe Khaltat,liebe-khaltat,2000000003887,Parfum,Labor sklad,722,2420,16000,Khaltat,,Милллилитр,,,,
Gris Charnel BDK Parfums,grischarnel-bdk,2000000003870,Parfum,Labor sklad,624,2420,16000,BDK Parfums,,Милллилитр,,,,
"N5 Floral, Amber, Sensual Rosendo Mateu",N5-rosendomateu,2000000003863,Parfum,Labor sklad,111,2420,16000,Rosendo Mateu,,Милллилитр,,,,
Kinski Kinski,kinski,2000000003856,Parfum,Labor sklad,475,2420,16000,Kinski,,Милллилитр,,,,
N4 Après l’Amour Thomas Kosmala,N4-apresamour-thomaskos,2000000003849,Parfum,Labor sklad,263,2420,16000,Thomas Kosmala,,Милллилитр,,,,
Idôle Lancôme,idole-lancome,2000000003832,Parfum,Labor sklad,220,2420,16000,Lancome,,Милллилитр,,,,
Tuxedo Yves Saint Laurent,tuxedo-ysl,2000000003825,Parfum,Labor sklad,344,2420,16000,Yves Saint Laurent,,Милллилитр,,,,
Fahrenheit 32 Dior,fahre32-dior32,2000000003818,Parfum,Labor sklad,423,2420,16000,Dior,,Милллилитр,,,,
Fucking Fabulous Tom Ford,fucking-tomford,2000000003801,Parfum,Labor sklad,159,2420,16000,Tom Ford,,Милллилитр,https://www.parfumo.com/Perfumes/Tom_Ford/Fucking_Fabulous_Body_Spray,fuzzy_brand_0.82,https://www.parfumo.com/Perfumes/Tom_Ford/Fucking_Fabulous_Body_Spray,fuzzy_brand_0.82
Tuscan Leather Tom Ford,tuscan-lr-tomford,2000000003795,Parfum,Labor sklad,370,2420,16000,Tom Ford,,Милллилитр,https://www.parfumo.com/Perfumes/Tom_Ford/Tuscan_Leather_Body_Spray,fuzzy_brand_0.81,https://www.parfumo.com/Perfumes/Tom_Ford/Tuscan_Leather_Body_Spray,fuzzy_brand_0.81
Cherry Smoke Tom Ford,cherrysmoke-tomford,2000000003788,Parfum,Labor sklad,164,2420,16000,Tom Ford,,Милллилитр,,,,
Electric Cherry Tom Ford,electric-ch-tomford,2000000003771,Parfum,Labor sklad,404,2420,16000,Tom Ford,,Милллилитр,,,,
Silver Mountain Water Creed,silver-mw-creed,2000000003764,Parfum,Labor sklad,206,2420,16000,Creed,,Милллилитр,https://www.parfumo.com/Perfumes/Creed/Silver_Mountain_Water,fuzzy_brand_0.88,https://www.parfumo.com/Perfumes/Creed/Silver_Mountain_Water,fuzzy_brand_0.88
Jardin d’Amalfi Creed,jardin-creed,2000000003757,Parfum,Labor sklad,534,2420,16000,Creed,,Милллилитр,,,,
I Don't Need A Prince - Rose de Mai By Kilian,idont-rose-kilian,2000000003740,Parfum,Labor sklad,15,2420,16000,Kilian,,Милллилитр,,,,
L'Heure Verte By Kilian,lheurevertu-kilian,2000000003733,Parfum,Labor sklad,772,2420,16000,Kilian,,Милллилитр,,,,
Accento Xerjoff,accento-xerjoff,2000000003726,Parfum,Labor sklad,166,2420,16000,Xerjoff,,Милллилитр,,,,
Alexandria II Xerjoff,alex2-xerjoff,2000000003719,Parfum,Labor sklad,1435,2420,16000,Xerjoff,,Милллилитр,https://www.parfumo.com/Perfumes/Xerjoff/alexandria-ii-hair-mist,fuzzy_brand_0.81,https://www.parfumo.com/Perfumes/Xerjoff/alexandria-ii-hair-mist,fuzzy_brand_0.81
Aqua Media Cologne Forte Maison Francis Kurkdjian,aquamedia-kurkdj,2000000003702,Parfum,Labor sklad,55,2420,16000,Francis Kurkdjian,,Милллилитр,,,,
724 Maison Francis Kurkdjian,724-kurkdj,2000000003696,Parfum,Labor sklad,138,2420,16000,Francis Kurkdjian,,Милллилитр,,,,
Baccarat Extrait Maison Francis Kurkdjian,baccarat-ex-kurkdj,2000000003689,Parfum,Labor sklad,319,2420,16000,Francis Kurkdjian,,Милллилитр,,,,
Amyris Femme Maison Francis Kurkdjian,amyrisfemme-kurkdj,2000000003672,Parfum,Labor sklad,160,2420,16000,Francis Kurkdjian,,Милллилитр,,,,
X For Women Clive Christian,xforwomen-clive,2000000003665,Parfum,Labor sklad,235,2420,16000,Clive Christian,,Милллилитр,,,,
1872 For Men Clive Christian,1872-clive,2000000003658,Parfum,Labor sklad,753,2420,16000,Clive Christian,,Милллилитр,,,,
Aventus for Her Creed,avenforher-creed,2000000003641,Parfum,Labor sklad,371,2420,16000,Creed,,Милллилитр,https://www.parfumo.com/Perfumes/Creed/Aventus_for_Her,fuzzy_brand_0.83,https://www.parfumo.com/Perfumes/Creed/Aventus_for_Her,fuzzy_brand_0.83
Egoiste Chanel,egoist-chanel,2000000003634,Parfum,Labor sklad,5,2420,16000,Chanel,,Милллилитр,,,,
Coco Mademoiselle Parfum Chanel,cocomad-chanel,2000000003627,Parfum,Labor sklad,808,2420,16000,Chanel,,Милллилитр,https://www.parfumo.com/Perfumes/Chanel/Coco_Mademoiselle_Parfum_Cheveux,fuzzy_brand_0.80,https://www.parfumo.com/Perfumes/Chanel/Coco_Mademoiselle_Parfum_Cheveux,fuzzy_brand_0.80
Good Girl Carolina Herrera,goodgirl-carolina,2000000003610,Parfum,Labor sklad,531,2420,16000,Carolina Herrera,,Милллилитр,https://www.parfumo.com/Perfumes/Carolina_Herrera/good-girl-body-mist,fuzzy_brand_0.84,https://www.parfumo.com/Perfumes/Carolina_Herrera/good-girl-body-mist,fuzzy_brand_0.84
Si Giorgio Armani,si-armani,2000000003603,Parfum,Labor sklad,140,2420,16000,Giorgio Armani,,Милллилитр,,,,
My Way Giorgio Armani,myway-armani,2000000003597,Parfum,Labor sklad,665,2420,16000,Giorgio Armani,,Милллилитр,,,,
Au Hasard Louis Vuitton,auhasard-lv,2000000003580,Parfum,Labor sklad,451,2420,16000,Louis Vuitton,,Милллилитр,,,,
Myriad Louis Vuitton,myriad-lv,2000000003573,Parfum,Labor sklad,395,2420,16000,Louis Vuitton,,Милллилитр,,,,
On The Beach Louis Vuitton,onthebeach-lv,2000000003566,Parfum,Labor sklad,233,2420,16000,Louis Vuitton,,Милллилитр,,,,
Stellar Times Louis Vuitton,stellar-lv,2000000003559,Parfum,Labor sklad,343,2420,16000,Louis Vuitton,,Милллилитр,,,,
City Of Stars Louis Vuitton,cityofstars-lv,2000000003542,Parfum,Labor sklad,455,2420,16000,Louis Vuitton,,Милллилитр,,,,
The Hedonist Ex Nihilo,thehed-exnihilo,2000000003535,Parfum,Labor sklad,114,2420,16000,Ex Nihilo,,Милллилитр,,,,
Blue Talisman Ex Nihilo,bluetalisman-exnihilo,2000000003528,Parfum,Labor sklad,305,2420,16000,Ex Nihilo,,Милллилитр,,,,
Fleur Narcotique Extrait de Parfum Ex Nihilo,fleurextrait-exnihilo,2000000003511,Parfum,Labor sklad,290,2420,16000,Ex Nihilo,,Милллилитр,,,,
Apex Roja Dove,apex-roja,2000000003504,Parfum,Labor sklad,301,2420,16000,Roja,,Милллилитр,,,,
Manhattan Roja Dove,manhattan-roja,2000000003498,Parfum,Labor sklad,700,2420,16000,Roja,,Милллилитр,,,,
Blackberry & Bay Jo Malone London,blackberry-jomalone,2000000003481,Parfum,Labor sklad,120,2420,16000,Jo Malone London,,Милллилитр,,,,
Irish Leather Memo Paris,irish-memo,2000000003474,Parfum,Labor sklad,558,2420,16000,Memo Paris,,Милллилитр,,,,
Oud for Greatness Initio Parfums Prives,oudforgreatness-initio,2000000003467,Parfum,Labor sklad,189,2420,16000,INITIO,,Милллилитр,,,,
Hayati Attar Collection,hayati-attar,2000000003450,Parfum,Labor sklad,460,2420,16000,Attar Collection,,Милллилитр,,,,
Clémentine California Atelier Cologne,clementinecalif-atelier,2000000003443,Parfum,Labor sklad,353,2420,16000,Atelier Cologne,,Милллилитр,,,,
Molecule 01 Escentric Molecules,molecula01,2000000003412,Parfum,Labor sklad,1,2420,16000,Escentric Molecules,,Милллилитр,,,,
Molecule 01 + Iris Escentric Molecules,molecule01+iris,2000000003405,Parfum,Labor sklad,503,2420,16000,Escentric Molecules,,Милллилитр,,,,
La Tosca Casa Morati,latosca-casa,2000000003399,Parfum,Labor sklad,405,2420,16000,XERJOFF,,Милллилитр,,,,
Halfeti Leather Penhaligon's,halfeti-penha,2000000003382,Parfum,Labor sklad,392,2420,16000,Penhaligon's,,Милллилитр,,,,
Constantinople Penhaligon's,constantinople-penha,2000000003375,Parfum,Labor sklad,470,2420,16000,Penhaligon's,,Милллилитр,,,,
Blue Sapphire Boadicea the Victorious,bluesapphire-boadicea,2000000003368,Parfum,Labor sklad,74,242,16000,Boadicea the Victorious,,Милллилитр,https://www.parfumo.com/Perfumes/Boadicea_the_Victorious/blue-sapphire-parfum,fuzzy_brand_0.91,https://www.parfumo.com/Perfumes/Boadicea_the_Victorious/blue-sapphire-parfum,fuzzy_brand_0.91
Intense Cafe Montale,intense,2000000003351,Parfum,Labor sklad,43,2420,16000,Montale,,Милллилитр,,,,
Megamare Orto Parisi,megamare-orto,2000000003344,Parfum,Labor sklad,253,2420,16000,Orto Parisi,,Милллилитр,,,,
Gumin Tiziana Terenzi,gumentiziana,2000000003337,Parfum,Labor sklad,329,2420,16000,Tiziana Terenzi,,Милллилитр,,,,
Andromeda Tiziana Terenzi,andromeda,2000000003320,Parfum,Labor sklad,202,2420,16000,Tiziana Terenzi,,Милллилитр,https://www.parfumo.com/Perfumes/Tiziana_Terenzi/andromeda-hair-mist,fuzzy_brand_0.83,https://www.parfumo.com/Perfumes/Tiziana_Terenzi/andromeda-hair-mist,fuzzy_brand_0.83
Divine Blossom Haute Fragrance Company,divinehfc,2000000003313,Parfum,Labor sklad,647,2420,16000,HFC,,Милллилитр,,,,
Гель для душа парфюмированный Tygar 300 гр,geldlyadusha_tyger,4780071941896,Гель для душа,"uni, Uniderm",6,75020,120000,labor,,Штука,,,,
Домашний парфюм LeLabo Santal 33 220 ml,domashniypr_santal33,4780071941629,Домашний парфюм,"uni, Uniderm",4,56265,100000,labor,,Штука,,,,
Домашний парфюм Limmensite 220 ml,domashniypr_limmensite,4780071941926,Домашний парфюм,"Labor sklad, Uniderm",4,56265,100000,labor,,Штука,,,,
Домашний парфюм Chanel Chance 220 ml,domashniypr_chanelchance,4780071941667,Домашний парфюм,Uniderm,5,56265,100000,labor,,Штука,,,,
Домашний парфюм TomFord LostCherry 220 ml,domashniypr_lostcherry,4780071941704,Домашний парфюм,Uniderm,3,56265,100000,labor,,Штука,,,,
Домашний парфюм Creed Aventus 220 ml,domashniypr_creedaventus,4780071941636,Домашний парфюм,"Labor sklad, Uniderm",2,56265,100000,labor,,Штука,,,,
Домашний парфюм Kirke 220 ml,domashniypr_kirke,4780071941933,Домашний парфюм,"Labor sklad, Uniderm",3,56265,100000,labor,,Штука,,,,
Домашний парфюм Black Afgano 220 ml,domashniypr_blackafgano,4780071941612,Домашний парфюм,uni,3,56265,100000,labor,,Штука,,,,
Домашний парфюм Maison Baccarat 220 ml,domashniypr_maisonbaccarat,4780071941674,Домашний парфюм,"Labor sklad, Uniderm",8,56265,100000,labor,,Штука,,,,
Домашний парфюм Bright Crystal 220 ml,domashniypr_brightcrystal,4780071941681,Домашний парфюм,Uniderm,2,56265,100000,labor,,Штука,,,,
Домашний парфюм Chanel Sport 220 ml,domashniypr_chanelsport,4780071941650,Домашний парфюм,"uni, Uniderm",8,56265,100000,labor,,Штука,,,,
Домашний парфюм Chanel Bleu 220 ml,domashniypr_chanelblue,4780071941643,Домашний парфюм,"uni, Uniderm",4,56265,100000,labor,,Штука,,,,
Домашний парфюм Bulgari Aqua 220 ml,domashniypf_bulgariaqua,4780071941698,Домашний парфюм,"Labor sklad, Uniderm",4,56265,100000,labor,,Штука,,,,
California Dream Louis Vuitton,californiadream,2000000003290,Parfum,Labor sklad,642,2420,16000,Louis Vuitton,,Милллилитр,,,,
L’Immensité Louis Vuitton,lmmensitelv,2000000003283,Parfum,Labor sklad,280,2420,16000,Louis Vuitton,,Милллилитр,,,,
20 Iconic Masculin Clive Christian,20iconicmasculin,2000000003276,Parfum,Labor sklad,42,2420,16000,Clive Christian,,Милллилитр,,,,
French Lover Frederic Malle,frenchlover,2000000003269,Parfum,Labor sklad,408,2420,16000,Frederic Malle,,Милллилитр,,,,
Vanilla Blend Zielinski & Rozen,vanillablend,2000000003252,Parfum,Labor sklad,350,2420,16000,Zielinski & Rozen,,Милллилитр,,,,
Torino21 Xerjoff,torino21,2000000003245,Parfum,Labor sklad,50,2420,16000,Xerjoff,,Милллилитр,,,,
Soleil Blanc Tom Ford,soleilblanc-tm,2000000003238,Parfum,Labor sklad,17,2420,16000,Tom Ford,,Милллилитр,,,,
The Omniscient Mr Thompson Penhaligon's,theomniscient,2000000003221,Parfum,Labor sklad,23,2420,16000,Penhaligon's,,Милллилитр,,,,
Boccanera Orto Parisi,boccanera,2000000003214,Parfum,Labor sklad,80,2420,16000,Orto Parisi,,Милллилитр,,,,
LV Lovers Louis Vuitton,lovers-lv,2000000003207,Parfum,Labor sklad,218,2420,16000,Louis Vuitton,,Милллилитр,,,,
Le Male Lover Jean Paul Gaultier,lamalelover,2000000003191,Parfum,Labor sklad,86,2420,16000,Jean Paul Gaultier,,Милллилитр,,,,
Fleur Narcotique Ex Nihilo,fleurnarcotiq-exnihilo,2000000003184,Parfum,Labor sklad,0,2420,16000,Ex Nihilo,,Милллилитр,,,,
Vanilla Diorama Dior,vanilladiorama,2000000003177,Parfum,Labor sklad,252,2420,16000,Dior,,Милллилитр,https://www.parfumo.com/Perfumes/Dior/vanilla-diorama,fuzzy_brand_0.86,https://www.parfumo.com/Perfumes/Dior/vanilla-diorama,fuzzy_brand_0.86
Matsukita Clive Christian,matsukita,2000000003160,Parfum,Labor sklad,244,2420,16000,Clive Christian,,Милллилитр,,,,
Bal d'Afrique Byredo,balbyredo,2000000003153,Parfum,Labor sklad,130,2420,16000,Byredo,,Милллилитр,,,,
Emporio Armani Stronger With You Giorgio Armani,emporioarmani,2000000003146,Parfum,Labor sklad,569,2420,16000,Giorgio Armani,,Милллилитр,https://www.parfumo.com/Perfumes/Giorgio_Armani/emporio-armani-stronger-with-you-only,fuzzy_brand_0.83,https://www.parfumo.com/Perfumes/Giorgio_Armani/emporio-armani-stronger-with-you-only,fuzzy_brand_0.83
English Pear & Freesia Jo Malone London,englishpear,2000000003139,Parfum,Labor sklad,11,2420,16000,Jo Malone London,,Милллилитр,,,,
Symphony Louis Vuitton,symphony,2000000003122,Parfum,Labor sklad,150,2420,16000,Louis Vuitton,,Милллилитр,,,,
Fan Your Flames Nishane,fanyour,2000000003115,Parfum,Labor sklad,78,2420,16000,NISHANE,,Милллилитр,https://www.parfumo.com/Perfumes/Nishane/fan-your-flames-x,fuzzy_brand_0.80,https://www.parfumo.com/Perfumes/Nishane/fan-your-flames-x,fuzzy_brand_0.80
Eau So Sexy Victoria's Secret,eausosexy,2000000003108,Parfum,Labor sklad,66,2420,16000,Victoria's Secret,,Милллилитр,,,,
Molecule 01 + Mandarin Escentric Molecules,melecula01mandarin,2000000003092,Parfum,Labor sklad,40,2420,16000,Escentric Molecules,,Милллилитр,,,,
Accento Sospiro Perfumes,accento-sos,2000000003085,Parfum,Labor sklad,1,2420,16000,Sospiro,,Милллилитр,,,,
Baccarat Rouge 540 Maison Francis Kurkdjian,baccarat-kurkdj,2000000003078,Parfum,Labor sklad,120,2420,16000,Francis Kurkdjian,,Милллилитр,,,,
Herbes Troublantes Guerlain,herbestro,2000000003061,Parfum,Labor sklad,195,2420,16000,Guerlain,,Милллилитр,https://www.parfumo.com/Perfumes/Guerlain/herbes-troublantes,fuzzy_brand_0.80,https://www.parfumo.com/Perfumes/Guerlain/herbes-troublantes,fuzzy_brand_0.80
Ma Vie L'Eau Hugo Boss,maviehugo,2000000003054,Parfum,Labor sklad,56,2420,16000,Hugo Boss,,Милллилитр,,,,
Resala Arabian Oud,resala,2000000003047,Parfum,Labor sklad,22,2420,16000,Arabian Oud,,Милллилитр,,,,
London WIDIAN,londonwidian,2000000003030,Parfum,Labor sklad,69,2420,16000,WIDIAN,,Милллилитр,,,,
White Lacoste Fragrances,whitelacoste,2000000003023,Parfum,Labor sklad,258,2420,16000,Lacoste,,Милллилитр,,,,
Summer Hammer Lorenzo Pazzaglia,summerham,2000000003016,Parfum,Labor sklad,125,2420,16000,Lorenzo Pazzaglia,,Милллилитр,,,,
Rose Blush Cologne 2024 Jo Malone London,roseblushclogne,2000000003009,Parfum,Labor sklad,65,2420,16000,Jo Malone London,,Милллилитр,,,,
Light Blue Dolce&Gabbana,lightblue,2000000002996,Parfum,Labor sklad,32,2420,16000,Dolce&Gabbana,,Милллилитр,,,,
Hajar Aswad Ensar Oud,hajaraswad,2000000002989,Parfum,Labor sklad,100,2420,16000,Ensar Oud,,Милллилитр,,,,
One Umbrella for Two Floraïku,oneumbrella,2000000002972,Parfum,Labor sklad,72,2420,16000,Floraïku,,Милллилитр,https://www.parfumo.com/Perfumes/Floraiku/One_Umbrella_for_Two,fuzzy_brand_0.82,https://www.parfumo.com/Perfumes/Floraiku/One_Umbrella_for_Two,fuzzy_brand_0.82
The Blazing Mr Sam Penhaligon's,theblazing,2000000002965,Parfum,Labor sklad,667,2420,16000,Penhaligon's,,Милллилитр,,,,
H01 Escentric Molecules,h01escen,2000000002958,Parfum,Labor sklad,96,2420,16000,Escentric Molecules,,Милллилитр,,,,
Escentric 01 Escentric Molecules,escentric01,2000000002941,Parfum,Labor sklad,40,2420,16000,Escentric Molecules,,Милллилитр,,,,
Trussardi Delicate Rose Trussardi,delicaterose,2000000002934,Parfum,Labor sklad,290,2420,16000,Trussardi,,Милллилитр,,,,
"Orange & Jasmine, Vanilla Zielinski & Rozen",orangijasmine,2000000002927,Parfum,Labor sklad,90,2420,16000,Zielinski & Rozen,,Милллилитр,,,,
Fiction Zielinski & Rozen,fiction,2000000002910,Parfum,Labor sklad,58,2420,16000,Zielinski & Rozen,,Милллилитр,,,,
"Black Pepper & Amber, Neroli Zielinski & Rozen",blackpepper,2000000002903,Parfum,Labor sklad,342,2420,16000,Zielinski & Rozen,,Милллилитр,,,,
MOLéCULE C - 19 The Beach ZARKOPERFUME,mole19the,2000000002897,Parfum,Labor sklad,784,2420,16000,Zarkoperfume,,Милллилитр,,,,
PINK MOLéCULE 090.09 ZARKOPERFUME,pinkmol090,2000000002880,Parfum,Labor sklad,345,2420,16000,Zarkoperfume,,Милллилитр,,,,
Black Opium Yves Saint Laurent,blackopium,2000000002866,Parfum,Labor sklad,261,2420,16000,Yves Saint Laurent,,Милллилитр,https://www.parfumo.com/Perfumes/Yves_Saint_Laurent/Black_Opium_Hair_Mist,fuzzy_brand_0.80,https://www.parfumo.com/Perfumes/Yves_Saint_Laurent/Black_Opium_Hair_Mist,fuzzy_brand_0.80
Libre Yves Saint Laurent,libre,2000000002859,Parfum,Labor sklad,245,2420,16000,Yves Saint Laurent,,Милллилитр,,,,
Mefisto Casa Moratti,mefisto-casa,2000000002842,Parfum,Labor sklad,102,2420,16000,Xerjoff,,Милллилитр,,,,
Erba Pura Xerjoff,erbapura,2000000002835,Parfum,Labor sklad,845,2420,16000,Xerjoff,,Милллилитр,,,,
XJ 1861 Naxos Xerjoff,1861naxos,2000000002828,Parfum,Labor sklad,864,2420,16000,Xerjoff,,Милллилитр,,,,
Lost Cherry Tom Ford,lostcherry,2000000002811,Parfum,Labor sklad,272,2420,16000,Tom Ford,,Милллилитр,,,,
Bombshell Victoria's Secret,bombshell,2000000002804,Parfum,Labor sklad,775,2420,16000,Victoria's Secret,,Милллилитр,https://www.parfumo.com/Perfumes/Victoria_s_Secret/Bombshell_Paris_Victoria_s_Secret_Paris,fuzzy_brand_0.81,https://www.parfumo.com/Perfumes/Victoria_s_Secret/Bombshell_Paris_Victoria_s_Secret_Paris,fuzzy_brand_0.81
Narcos'is Vertus,narcosvertu,2000000002798,Parfum,Labor sklad,158,2420,16000,Vertus,,Милллилитр,,,,
Tobacco Oud Tom Ford,tobaccooudtom,2000000002781,Parfum,Labor sklad,39,2420,16000,Tom Ford,,Милллилитр,,,,
Neroli Portofino Tom Ford,neroli,2000000002774,Parfum,Labor sklad,190,2420,16000,Tom Ford,,Милллилитр,https://www.parfumo.com/Perfumes/Tom_Ford/Neroli_Portofino_Forte,fuzzy_brand_0.85,https://www.parfumo.com/Perfumes/Tom_Ford/Neroli_Portofino_Forte,fuzzy_brand_0.85
Vanilla Sex Tom Ford,vanillasextom,2000000002767,Parfum,Labor sklad,102,2420,16000,Tom Ford,,Милллилитр,,,,
Tobacco Vanille Tom Ford,tobaccovaniltom,2000000002743,Parfum,Labor sklad,291,2420,16000,Tom Ford,,Милллилитр,https://www.parfumo.com/Perfumes/Tom_Ford/Tobacco_Vanille_Body_Spray,fuzzy_brand_0.81,https://www.parfumo.com/Perfumes/Tom_Ford/Tobacco_Vanille_Body_Spray,fuzzy_brand_0.81
Black Orchid Tom Ford,blackorchid,2000000002736,Parfum,Labor sklad,388,2420,16000,Tom Ford,,Милллилитр,https://www.parfumo.com/Perfumes/Tom_Ford/Black_Orchid_Parfum,fuzzy_brand_0.86,https://www.parfumo.com/Perfumes/Tom_Ford/Black_Orchid_Parfum,fuzzy_brand_0.86
Bitter Peach Tom Ford,peach-tomford,2000000002729,Parfum,Labor sklad,483,2420,16000,Tom Ford,,Милллилитр,,,,
Ombré Leather Parfum Tom Ford,ombrelea,2000000002712,Parfum,Labor sklad,419,2420,16000,Tom Ford,,Милллилитр,https://www.parfumo.com/Perfumes/Tom_Ford/ombre-leather-parfum,fuzzy_brand_0.82,https://www.parfumo.com/Perfumes/Tom_Ford/ombre-leather-parfum,fuzzy_brand_0.82
Nottebuia Tiziana Terenzi,nottebuia,2000000002705,Parfum,Labor sklad,241,2420,16000,Tiziana Terenzi,,Милллилитр,,,,
Kirke Tiziana Terenzi,kirke,2000000002699,Parfum,Labor sklad,596,2420,16000,Tiziana Terenzi,,Милллилитр,,,,
L'Air du Desert Marocain Tauer Perfumes,desertmarocain,2000000002682,Parfum,Labor sklad,135,2420,16000,Tauer Perfumes,,Милллилитр,,,,
Royal Eagle Sport Stefano Ricci,royalsport,2000000002675,Parfum,Labor sklad,115,2420,16000,Stefano Ricci,,Милллилитр,,,,
Oligarch Roja Dove,oligarch,2000000002668,Parfum,Labor sklad,155,2420,16000,Roja,,Милллилитр,,,,
Elysium Roja Dove,elysium-roja,2000000002651,Parfum,Labor sklad,145,2420,16000,Roja,,Милллилитр,,,,
Isola Blu Roja Dove,isolablu,2000000002644,Parfum,Labor sklad,184,2420,16000,Roja,,Милллилитр,,,,
Aqua Sapphire Boadicea the Victorious,aquasapp-boadicea,2000000002637,Parfum,Labor sklad,326,2420,16000,Boadicea the Victorious,,Милллилитр,https://www.parfumo.com/Perfumes/Boadicea_the_Victorious/blue-sapphire-parfum,fuzzy_brand_0.84,https://www.parfumo.com/Perfumes/Boadicea_the_Victorious/blue-sapphire-parfum,fuzzy_brand_0.84
The Inimitable William Penhaligon Penhaligon's,thelnimitable,2000000002620,Parfum,Labor sklad,187,2420,16000,Penhaligon's,,Милллилитр,https://www.parfumo.com/Perfumes/Penhaligons/the-inimitable-william-penhaligon,fuzzy_brand_0.85,https://www.parfumo.com/Perfumes/Penhaligons/the-inimitable-william-penhaligon,fuzzy_brand_0.85
The Tragedy of Lord George Penhaligon's,thetragedy,2000000002613,Parfum,Labor sklad,121,2420,16000,Penhaligon's,,Милллилитр,https://www.parfumo.com/Perfumes/Penhaligons/the-tragedy-of-lord-george,fuzzy_brand_0.81,https://www.parfumo.com/Perfumes/Penhaligons/the-tragedy-of-lord-george,fuzzy_brand_0.81
Layton Parfums de Marly,layton,2000000002606,Parfum,Labor sklad,245,2420,16000,Parfums de Marly,,Милллилитр,,,,
Delina Parfums de Marly,delina,2000000002590,Parfum,Labor sklad,70,2420,16000,Parfums de Marly,,Милллилитр,,,,
Sedley Parfums de Marly,sedley,2000000002583,Parfum,Labor sklad,322,2420,16000,Parfums de Marly,,Милллилитр,,,,
Greenley Parfums de Marly,greenley,2000000002576,Parfum,Labor sklad,1320,2420,16000,Parfums de Marly,,Милллилитр,,,,
Perseus Parfums de Marly,perseus,2000000002569,Parfum,Labor sklad,158,2420,16000,Parfums de Marly,,Милллилитр,,,,
Cuoium Orto Parisi,cuoiumorto,2000000002552,Parfum,Labor sklad,100,2420,16000,Orto Parisi,,Милллилитр,,,,
Terroni Orto Parisi,terroni,2000000002545,Parfum,Labor sklad,692,2420,16000,Orto Parisi,,Милллилитр,,,,
Montabaco Verano Ormonde Jayne,verano-ormondo,2000000002538,Parfum,Labor sklad,441,2420,16000,Ormonde Jayne,,Милллилитр,,,,
Osmanthus Ormonde Jayne,osmanthus-ormon,2000000002521,Parfum,Labor sklad,317,2420,16000,Ormonde Jayne,,Милллилитр,https://www.parfumo.com/Perfumes/Ormonde_Jayne/osmanthus-hair-mist,fuzzy_brand_0.82,https://www.parfumo.com/Perfumes/Ormonde_Jayne/osmanthus-hair-mist,fuzzy_brand_0.82
Montabaco Ormonde Jayne,montabaco,2000000002514,Parfum,Labor sklad,710,2420,16000,Ormonde Jayne,,Милллилитр,https://www.parfumo.com/Perfumes/Ormonde_Jayne/montabaco-hair-mist,fuzzy_brand_0.82,https://www.parfumo.com/Perfumes/Ormonde_Jayne/montabaco-hair-mist,fuzzy_brand_0.82
Hacivat Nishane,hacivat,2000000002507,Parfum,Labor sklad,123,2420,16000,NISHANE,,Милллилитр,,,,
Karagoz Nishane,karagoz,2000000002491,Parfum,Labor sklad,100,2420,16000,NISHANE,,Милллилитр,,,,
Wulóng Chá Nishane,wulongcha,2000000002484,Parfum,Labor sklad,108,2420,16000,NISHANE,,Милллилитр,,,,
Hacivat X Nishane,hacivatXXX,2000000002477,Parfum,Labor sklad,422,2420,16000,NISHANE,,Милллилитр,,,,
Black Afgano Nasomatto,afgano,2000000002460,Parfum,Labor sklad,204,2420,16000,Nasomatto,,Милллилитр,,,,
Narciso Poudree Narciso Rodriguez,narcisopoud,2000000002453,Parfum,Labor sklad,397,2420,16000,Narciso Rodriguez,,Милллилитр,,,,
Roses Musk Montale,rosesmuskmon,2000000002446,Parfum,Labor sklad,88,2420,16000,Montale,,Милллилитр,,,,
Chocolate Greedy Montale,chocogreedy,2000000002439,Parfum,Labor sklad,703,2420,16000,Montale,,Милллилитр,https://www.parfumo.com/Perfumes/Montale/Chocolate_Greedy,fuzzy_brand_0.80,https://www.parfumo.com/Perfumes/Montale/Chocolate_Greedy,fuzzy_brand_0.80
Molecule 01 + Black Tea Escentric Molecules,molecula01black,2000000002422,Parfum,Labor sklad,670,2420,16000,Escentric Molecules,,Милллилитр,,,,
Molecule 02 Escentric Molecules,molecule02,2000000002415,Parfum,Labor sklad,168,2420,16000,Escentric Molecules,,Милллилитр,,,,
Molecule 04 Escentric Molecules,molecule04,2000000002408,Parfum,Labor sklad,254,2420,16000,Escentric Molecules,,Милллилитр,,,,
Marfa Memo Paris,marfa,2000000002392,Parfum,Labor sklad,260,2420,16000,Memo Paris,,Милллилитр,,,,
Falcon Leather Matiere Premiere,falcon,2000000002385,Parfum,Labor sklad,213,2420,16000,Matiere Premiere,,Милллилитр,,,,
Parisian Musc Matiere Premiere,parisianmusc,2000000002378,Parfum,Labor sklad,303,2420,16000,Matiere Premiere,,Милллилитр,,,,
Tubéreuse Astrale Maison Crivelli,tubereuse,2000000002361,Parfum,Labor sklad,332,2420,16000,Maison Crivelli,,Милллилитр,,,,
Hibiscus Mahajád Maison Crivelli,hibiscus,2000000002354,Parfum,Labor sklad,805,2420,16000,Maison Crivelli,,Милллилитр,,,,
Oud Maracujá Maison Crivelli,oudmaracuja,2000000002347,Parfum,Labor sklad,385,2420,16000,Maison Crivelli,,Милллилитр,,,,
Cactus Garden Louis Vuitton,cactusgar,2000000002330,Parfum,Labor sklad,32,2420,16000,Louis Vuitton,,Милллилитр,,,,
Ombre Nomade Louis Vuitton,ombrenomade,2000000002323,Parfum,Labor sklad,706,2420,16000,Louis Vuitton,,Милллилитр,,,,
Pur Oud Louis Vuitton,puroud,2000000002316,Parfum,Labor sklad,240,2420,14000,Louis Vuitton,,Милллилитр,,,,
Pacific Chill Louis Vuitton,pacificchill,2000000002309,Parfum,Labor sklad,55,2420,16000,Louis Vuitton,,Милллилитр,,,,
Sur la Route Louis Vuitton,surlaroute-lv,2000000002293,Parfum,Labor sklad,110,2420,16000,Louis Vuitton,,Милллилитр,,,,
Imagination Louis Vuitton,imagin-lv,2000000002286,Parfum,Labor sklad,438,2420,16000,Louis Vuitton,,Милллилитр,,,,
Dancing Blossom Louis Vuitton,dancingblos,2000000002279,Parfum,Labor sklad,158,2420,16000,Louis Vuitton,,Милллилитр,,,,
Afternoon Swim Louis Vuitton,afternoon,2000000002262,Parfum,Labor sklad,665,2420,16000,Louis Vuitton,,Милллилитр,,,,
Bergamote 22 Le Labo,bergamote22,2000000002255,Parfum,Labor sklad,237,2420,16000,Le Labo,,Милллилитр,,,,
Another 13 Le Labo,another13,2000000002248,Parfum,Labor sklad,244,2420,16000,Le Labo,,Милллилитр,,,,
Santal 33 Le Labo,santal33,2000000002231,Parfum,Labor sklad,419,2420,16000,Le Labo,,Милллилитр,,,,
Oud Satin Mood Maison Francis Kurkdjian,oudsatin,2000000002224,Parfum,Labor sklad,213,2420,16000,Francis Kurkdjian,,Милллилитр,,,,
Gentle Fluidity Gold Maison Francis Kurkdjian,gentle,2000000002217,Parfum,Labor sklad,413,2420,16000,Francis Kurkdjian,,Милллилитр,,,,
Grand Soir Maison Francis Kurkdjian,grandsoir,2000000002200,Parfum,Labor sklad,234,2420,16000,Francis Kurkdjian,,Милллилитр,,,,
Straight to Heaven By Kilian,straightkilian,2000000002194,Parfum,Labor sklad,35,2420,16000,Kilian,,Милллилитр,,,,
Princess By Kilian,princesskilian,2000000002187,Parfum,Labor sklad,100,2420,16000,Kilian,,Милллилитр,,,,
Apple Brandy By Kilian,applekilian,2000000002170,Parfum,Labor sklad,388,2420,16000,Kilian,,Милллилитр,,,,
Playing With The Devil By Kilian,playingwith,2000000002163,Parfum,Labor sklad,738,2420,16000,Kilian,,Милллилитр,https://www.parfumo.com/Perfumes/Kilian/Playing_with_the_Devil,fuzzy_brand_0.81,https://www.parfumo.com/Perfumes/Kilian/Playing_with_the_Devil,fuzzy_brand_0.81
Black Phantom By Kilian,blackphantom,2000000002156,Parfum,Labor sklad,335,2420,16000,Kilian,,Милллилитр,,,,
Rolling in Love By Kilian,rollinglove-kilian,2000000002125,Parfum,Labor sklad,222,2420,16000,Kilian,,Милллилитр,,,,
Smoking Hot By Kilian,smokingkilian,2000000002118,Parfum,Labor sklad,166,2420,16000,Kilian,,Милллилитр,,,,
Good Girl Gone Bad By Kilian,goodgirl-kilian,2000000002101,Parfum,Labor sklad,290,2420,16000,Kilian,,Милллилитр,,,,
Moonlight in Heaven By Kilian,moonlight,2000000002095,Parfum,Labor sklad,271,2420,16000,Kilian,,Милллилитр,,,,
Blue Moon Ginger Dash By Kilian,bluegingerdash,2000000002088,Parfum,Labor sklad,362,2420,16000,Kilian,,Милллилитр,https://www.parfumo.com/Perfumes/Kilian/blue-moon-ginger-dash,fuzzy_brand_0.81,https://www.parfumo.com/Perfumes/Kilian/blue-moon-ginger-dash,fuzzy_brand_0.81
Oudgasm Vanilla Oud | 36,oudgasm36,2000000002071,Parfum,Labor sklad,216,2420,16000,Kayali Fragrances,,Милллилитр,https://www.parfumo.com/Perfumes/Kayali/oudgasm-vanilla-oud-36,exact_name,https://www.parfumo.com/Perfumes/Kayali/oudgasm-vanilla-oud-36,exact_name
Le Male Elixir Jean Paul Gaultier,lamaleelx,2000000002064,Parfum,Labor sklad,211,2420,16000,Jean Paul Gaultier,,Милллилитр,,,,
Le Beau Le Parfum Jean Paul Gaultier,lebeauparfum,2000000002057,Parfum,Labor sklad,277,2420,16000,Jean Paul Gaultier,,Милллилитр,,,,
La Belle Jean Paul Gaultier,labelle,2000000002040,Parfum,Labor sklad,1,2420,16000,Jean Paul Gaultier,,Милллилитр,,,,
Le Beau Jean Paul Gaultier,lebeau,2000000002033,Parfum,Labor sklad,170,2420,16000,Jean Paul Gaultier,,Милллилитр,,,,
Oud for Happiness Initio,oudforhappi,2000000002026,Parfum,Labor sklad,672,2420,16000,INITIO,,Милллилитр,https://www.parfumo.com/Perfumes/Initio/oud-for-happiness,fuzzy_brand_0.83,https://www.parfumo.com/Perfumes/Initio/oud-for-happiness,fuzzy_brand_0.83
Devil's Intrigue Haute HFC,devilint,2000000002019,Parfum,Labor sklad,412,2420,16000,HFC,,Милллилитр,,,,
Terre d'Hermès,terrehermes,2000000002002,Parfum,Labor sklad,450,2420,16000,Hermès,,Милллилитр,,,,
Rose Centifolia Extrait 1 Guerlain,rosecentx1,2000000001999,Parfum,Labor sklad,200,2420,16000,Guerlain,,Милллилитр,https://www.parfumo.com/Perfumes/Guerlain/rose-centifolia-extrait-1,fuzzy_brand_0.85,https://www.parfumo.com/Perfumes/Guerlain/rose-centifolia-extrait-1,fuzzy_brand_0.85
Néroli Outrenoir Guerlain,neroli,2000000001982,Parfum,Labor sklad,331,2420,16000,Guerlain,,Милллилитр,,,,
The Voice Of The Snake Parfum Gucci,thevoice,2000000001975,Parfum,Labor sklad,603,2420,16000,Gucci,,Милллилитр,,,,
Flora by Gucci Eau Fraiche,flora,2000000001968,Parfum,Labor sklad,367,2420,16000,Gucci,,Милллилитр,https://www.parfumo.com/Perfumes/Gucci/Flora_by_Gucci_Eau_Fraiche,fuzzy_brand_0.96,https://www.parfumo.com/Perfumes/Gucci/Flora_by_Gucci_Eau_Fraiche,fuzzy_brand_0.96
Tutu Gritti,tutu,2000000001951,Parfum,Labor sklad,585,2420,16000,Gritti,,Милллилитр,,,,
Chandigarh Express Ex Nihilo,chandigarh,2000000001944,Parfum,Labor sklad,203,2420,16000,Ex Nihilo,,Милллилитр,,,,
Bois Impérial Essential Parfums,boisimpe,2000000001937,Parfum,Labor sklad,327,2420,16000,Essential Parfums,,Милллилитр,,,,
Miss Dior Cherie,misscherie,2000000001920,Parfum,Labor sklad,45,2420,16000,Dior,,Милллилитр,,,,
Sauvage Elixir Dior,elixirsauvage,2000000001913,Parfum,Labor sklad,551,2420,16000,Dior,,Милллилитр,https://www.parfumo.com/Perfumes/Dior/sauvage-elixir,fuzzy_brand_0.85,https://www.parfumo.com/Perfumes/Dior/sauvage-elixir,fuzzy_brand_0.85
Sauvage Dior,savage-dior,2000000001906,Parfum,Labor sklad,555,2420,16000,Dior,,Милллилитр,,,,
Dior Homme Intense,hommedior,2000000001890,Parfum,Labor sklad,297,2420,16000,Dior,,Милллилитр,https://www.parfumo.com/Perfumes/Dior/Dior_Homme_Intense,exact_brand_name,https://www.parfumo.com/Perfumes/Dior/Dior_Homme_Intense,exact_brand_name
Fahrenheit Dior,fahredior,2000000001883,Parfum,Labor sklad,204,2420,16000,Dior,,Милллилитр,,,,
Dahab Kajal,dahab,2000000001876,Parfum,Labor sklad,480,2420,16000,Kajal,,Милллилитр,,,,
Delphinus Creed,delphi,2000000001869,Parfum,Labor sklad,111,2420,16000,Creed,,Милллилитр,,,,
Centaurus Creed,centa,2000000001852,Parfum,Labor sklad,45,2420,16000,Creed,,Милллилитр,,,,
Original Vetiver Creed,vetivercreed,2000000001845,Parfum,Labor sklad,92,2420,16000,Creed,,Милллилитр,https://www.parfumo.com/Perfumes/Creed/Original_Vetiver,fuzzy_brand_0.84,https://www.parfumo.com/Perfumes/Creed/Original_Vetiver,fuzzy_brand_0.84
Queen of Silk Creed,queen-creed,2000000001838,Parfum,Labor sklad,61,2420,16000,Creed,,Милллилитр,https://www.parfumo.com/Perfumes/Creed/queen-of-silk,fuzzy_brand_0.81,https://www.parfumo.com/Perfumes/Creed/queen-of-silk,fuzzy_brand_0.81
Wind Flowers Creed,windflo-creed,2000000001821,Parfum,Labor sklad,113,2420,16000,Creed,,Милллилитр,https://www.parfumo.com/Perfumes/Creed/wind-flowers,fuzzy_brand_0.80,https://www.parfumo.com/Perfumes/Creed/wind-flowers,fuzzy_brand_0.80
Aventus Creed,aventus,2000000001814,Parfum,Labor sklad,191,2420,16000,Creed,,Милллилитр,,,,
Absolu Aventus Creed,absolu,2000000001807,Parfum,Labor sklad,615,2420,16000,Creed,,Милллилитр,https://www.parfumo.com/Perfumes/Creed/absolu-aventus,fuzzy_brand_0.82,https://www.parfumo.com/Perfumes/Creed/absolu-aventus,fuzzy_brand_0.82
X For Men Clive Christian,formen,2000000001791,Parfum,Labor sklad,128,2420,16000,Clive Christian,,Милллилитр,,,,
Jump Up And Kiss Me,jump-clive,2000000001784,Parfum,Labor sklad,185,2420,16000,Clive Christian,,Милллилитр,https://www.parfumo.com/Perfumes/Clive_Christian/jump-up-and-kiss-me-ecstatic,fuzzy_brand_0.81,https://www.parfumo.com/Perfumes/Clive_Christian/jump-up-and-kiss-me-ecstatic,fuzzy_brand_0.81
Chance Eau Fraiche Chanel,chance fraiche,2000000001777,Parfum,Labor sklad,45,2420,16000,Chanel,,Милллилитр,,,,
Chance Eau Tendre Chanel,chance-chanel,2000000001760,Parfum,Labor sklad,822,2420,16000,Chanel,,Милллилитр,,,,
Bleu de Chanel,bleude,2000000001753,Parfum,Labor sklad,842,2420,16000,Chanel,,Милллилитр,https://www.parfumo.com/Perfumes/Chanel/Bleu_de_Chanel_Parfum,fuzzy_brand_0.80,https://www.parfumo.com/Perfumes/Chanel/Bleu_de_Chanel_Parfum,fuzzy_brand_0.80
212 Men Carolina Herrera,212men,2000000001746,Parfum,Labor sklad,345,2420,16000,Carolina Herrera,,Милллилитр,https://www.parfumo.com/Perfumes/Carolina_Herrera/212,fuzzy_brand_0.80,https://www.parfumo.com/Perfumes/Carolina_Herrera/212,fuzzy_brand_0.80
Gypsy Water Byredo,gypsy,2000000001739,Parfum,Labor sklad,96,2420,16000,Byredo,,Милллилитр,,,,
1996 Inez & Vinoodh Byredo,1996byredo,2000000001722,Parfum,Labor sklad,378,2420,16000,Byredo,,Милллилитр,,,,
Blanche Byredo,blanche,2000000001715,Parfum,Labor sklad,328,2420,16000,Byredo,,Милллилитр,,,,
Tobacco Mandarin Byredo,mandarin,2000000001708,Parfum,Labor sklad,235,2420,16000,Byredo,,Милллилитр,,,,
Mojave Ghost Byredo,mojave,2000000001692,Parfum,Labor sklad,280,2420,16000,Byredo,,Милллилитр,,,,
Tygar Bvlgari,tygar-bvl,2000000001685,Parfum,Labor sklad,484,2420,16000,Bvlgari,,Милллилитр,,,,
Dragon Boadicea the Victorious,dragon,2000000001654,Parfum,Labor sklad,330,2420,16000,Boadicea the Victorious,,Милллилитр,https://www.parfumo.com/Perfumes/Boadicea_the_Victorious/1907,fuzzy_brand_0.87,https://www.parfumo.com/Perfumes/Boadicea_the_Victorious/1907,fuzzy_brand_0.87
Aurica Boadicea the Victorious,aurica,2000000001647,Parfum,Labor sklad,613,2420,16000,Boadicea the Victorious,,Милллилитр,https://www.parfumo.com/Perfumes/Boadicea_the_Victorious/1907,fuzzy_brand_0.87,https://www.parfumo.com/Perfumes/Boadicea_the_Victorious/1907,fuzzy_brand_0.87
Ganymede Marc-Antoine Barrois,ganymede,2000000001630,Parfum,Labor sklad,169,2420,16000,Marc-Antoine Barrois,,Милллилитр,,,,
Encelade Marc-Antoine Barrois,encelade,2000000001623,Parfum,Labor sklad,447,2420,16000,Marc-Antoine Barrois,,Милллилитр,,,,
Tilia Marc-Antoine Barrois,tilia-barrios,2000000001609,Parfum,Labor sklad,310,2420,16000,Marc-Antoine Barrois,,Милллилитр,,,,
Musk Kashmir Attar Collection,muskattar,2000000001593,Parfum,Labor sklad,512,2420,16000,Attar Collection,,Милллилитр,,,,
Guidance Amouage,guidance,2000000001586,Parfum,Labor sklad,591,2420,16000,Amouage,,Милллилитр,,,,
Interlude Man Amouage,interlude,2000000001579,Parfum,Labor sklad,35,2420,16000,Amouage,,Милллилитр,https://www.parfumo.com/Perfumes/Amouage/interlude-man-attar,fuzzy_brand_0.88,https://www.parfumo.com/Perfumes/Amouage/interlude-man-attar,fuzzy_brand_0.88
Amber Wood Ajmal,amberwood,2000000001555,Parfum,Labor sklad,438,2420,16000,Ajmal,,Милллилитр,,,,
Универсальный парфюм,BOC-27674,2000000001494,Домашний парфюм,Uniderm,42,60500,90000,labor,,Штука,,,,
Гель для душа парфюмированный Imagination 300 gr,geldlyadusha-imagination,4780071941872,Гель для душа,Uniderm,11,75020,120000,labor,,Штука,,,,
Гель для душа(парфюмированный),EPY-76014,4780071941896,Гель для душа,Uniderm,20,75020,120000,labor,,Штука,,,,
Гель для душа парфюмированный Limmensite 300 gr,geldlyadusha-limmensite,4780071941803,Гель для душа,uni,0,75020,120000,labor,,Штука,,,,
Гель для душа парфюмированный Symphony 300 gr,geldlyadushi-symphony,4780071941889,Гель для душа,uni,0,75020,120000,labor,,Штука,,,,
Гель для душа парфюмированный Lost Cherry 300 gr,geldlyadusha-lostcherry,4780071941810,Гель для душа,Uniderm,7,75020,120000,labor,,Штука,,,,
Гель для душа парфюмированный Kirke 300 gr,geldlyadusha_kirke,4780071941902,Гель для душа,Uniderm,0,75020,120000,labor,,Штука,,,,
Гель для душа парфюмированный Aventus 300 gr,geldlyadusha_aventus,4780071941797,Гель для душа,Uniderm,0,75020,120000,labor,,Штука,,,,
Гель для душа парфюмированный Pink Molecule 090 300 гр,geldlyadusha_molecule090,4780071941865,Гель для душа,Uniderm,2,75020,120000,labor,,Штука,,,,
Гель для душа парфюмированный Baccarat 300 гр,geldlyadusha_baccarat,4780071941841,Гель для душа,"uni, Uniderm",8,75020,120000,labor,,Штука,,,,
Гель для душа парфюмированный Black Afgano 300 гр,geldlyadusha_blackafgano,4780071941834,Гель для душа,Uniderm,1,75020,120000,labor,,Штука,,,,
спрей парфбм 50 мл (Ganymede),UJI-17893,2000000001487,Parfum,Uniderm,42,181500,750000,labor,,Штука,,,,
спрей парфюм 50 мл (Baccarat),QAN-19623,2000000001463,Parfum,Uniderm,47,181500,750000,labor,,Штука,,,,
Арома Диффузор,CIU-73448,2000000001449,Домашний парфюм,Uniderm,0,178959,250000,,,Штука,,,,
спрей парфюм ATelier Cologne,OFF-45193,2000000001432,Parfum,,170,6050,14000,labor,,Милллилитр,,,,
Авто парфюм,TZD-44196,2000000001425,Авто парфюм,Uniderm,86,21780,40000,labor,,Штука,,,,
Авто парфюм Prada Candy,WDH-23130,2000000001418,Авто парфюм,Uniderm,0,21780,40000,labor,,Штука,,,,
Авто парфюм Elixir des Merveilles,QQX-50310,2000000001401,Авто парфюм,Uniderm,5,21780,40000,labor,,Штука,,,,
Авто парфюм Light Blue,UIN-18528,2000000001395,Авто парфюм,Uniderm,5,21780,40000,labor,,Штука,,,,
Авто парфюм Cocaina,KTZ-64406,2000000001388,Авто парфюм,Uniderm,3,21780,40000,labor,,Штука,,,,
Авто парфюм Le blanc,ZGI-18444,2000000001371,Авто парфюм,Uniderm,4,21780,40000,labor,,Штука,,,,
Авто парфюм Mango Skin,XED-58245,2000000001364,Авто парфюм,Uniderm,5,21780,40000,labor,,Штука,,,,
Авто парфюм Wood sage Sea salt,EKU-42157,2000000001357,Авто парфюм,Uniderm,1,21780,40000,labor,,Штука,,,,
Авто парфюм Hayati,PIF-33453,2000000001340,Авто парфюм,Uniderm,4,21780,40000,labor,,Штука,,,,
Авто парфюм Lost Cherry,KYM-17084,2000000001326,Авто парфюм,Uniderm,0,21780,40000,labor,,Штука,,,,
Авто парфюм Tygar,GWU-72226,2000000001319,Авто парфюм,Uniderm,0,21780,40000,labor,,Штука,,,,
Ароматическая свеча,svecha-aroma,2000000001302,свеча,Uniderm,12,71390,145000,Creation,,Штука,,,,
Домашний парфюм,UEW-77664,2000000001289,Домашний парфюм,Uniderm,25,57596,100000,labor,,Штука,,,,
Спрей парфюм 20,UAG-50967,2000000001272,Parfum,Firdaus,57,84700,300000,labor,,Штука,,,,
спрей парфюм 15,RPM-44819,2000000001227,Parfum,Uniderm,95,48400,210000,labor,,Штука,,,,
SAVON жидкое крем-мыло (500гр),RPB-96670,2000000001210,Жидкое Мыло,,26,8470,30000,labor,,Штука,,,,
смесь душистых веществ Cola Diffuser,CVY-10904,2000000001203,Essential Oil,,50,726,1000,labor,,Грамм,,,,
смесь душистых веществ Chanel tendre,EVU-39835,2000000001166,Essential Oil,Uniderm,40,726,1500,labor,,Грамм,,,,
смесь душистых веществ Ocean,AZO-55442,2000000001159,Essential Oil,,80,726,1000,labor,,Грамм,,,,
смесь душистых веществ Cucumber,UJT-82930,2000000001142,Essential Oil,,50,726,1000,labor,,Грамм,,,,
смесь душистых веществ Thermal SPA,GIZ-15874,2000000001135,Essential Oil,,100,363,800,labor,,Грамм,,,,
смесь душистых веществ Nature Function,DIU-44742,2000000001128,Essential Oil,,260,363,3000,labor,,Грамм,,,,
смесь душистых веществ Japanese tatami,AVH-40823,2000000001111,Essential Oil,,200,363,800,labor,,Грамм,,,,
смесь душистых веществ Black Prince,AZF-66959,2000000001104,Essential Oil,,400,726,1500,labor,,Грамм,,,,
смесь душистых веществ Black orchid,HPJ-76705,2000000001098,Essential Oil,,500,726,1500,labor,,Грамм,,,,
смесь душистых веществ Baccarat,KHX-59432,2000000001081,Essential Oil,,400,726,1500,labor,,Грамм,,,,
смесь душистых веществ LOST CHERRY,ZHX-30463,2000000001074,Essential Oil,,134,726,1500,labor,,Грамм,,,,
смесь душистых веществ Aventus,JLW-17629,2000000001067,Essential Oil,,1000,726,1500,labor,,Грамм,,,,
Парфюм для авто (Освежитель для авто),YWU-88819,2000000001036,Домашний парфюм,Uniderm,1018,12100,20000,labor,,Штука,,,,
спрей парфюм 50,TBU-71173,2000000000978,Parfum,Labor sklad,4,145200,650000,Creation,,Штука,,,,
Парфюм спрей 10,DXB-63801,2000000000923,Parfum,Labor sklad,0,24200,140000,labor,,Штука,,,,
Libre,BVL-31210,2000000000909,Parfum,,450,6050,14000,,,Милллилитр,,,,
Жидкое крем мыло BLACK EARTH,BZG-83349,4780071941360,Жидкое Мыло,,5,24200,45000,,,Штука,,,,
Жидкое крем мыло GREEN SCENT,YBD-47804,4780071941353,Жидкое Мыло,,6,24200,45000,,,Штука,,,,
Жидкое крем мыло THERMAL SPA,OJD-90847,4780071941384,Жидкое Мыло,,3,24200,45000,,,Штука,,,,
Многоразовый Флакон  ОРАНЖЕВЫЙ,CTU-18189,2000000000893,Флакон,Uniderm,2,121000,240000,,,Штука,,,,
Многоразовый Флакон  ШАХМАТНЫЙ,ZED-87190,2000000000886,Флакон,,0,121000,240000,,,Штука,,,,
Многоразовый Флакон  РОЗОВЫЙ,XRN-92860,2000000000879,Флакон,,7,121000,240000,,,Штука,,,,
Многоразовый Флакон  ЗЕЛЕНЫЙ,PRS-28742,2000000000862,Флакон,,8,121000,240000,,,Штука,,,,
Многоразовый Флакон  LV,KAZ-82099,2000000000855,Флакон,,8,121000,240000,,,Штука,,,,
"Black pepper, amber, neroli",FDH-77812,2000000000824,,,290,6050,18000,Zielinski,,Милллилитр,https://www.parfumo.com/Perfumes/zielinski-rozen/black-pepper-amber-neroli,exact_name,https://www.parfumo.com/Perfumes/zielinski-rozen/black-pepper-amber-neroli,exact_name
London,XHJ-42666,2000000000817,,,490,7260,24000,Creation,,Милллилитр,https://www.parfumo.com/Perfumes/Avon/015_London,exact_name,https://www.parfumo.com/Perfumes/Avon/015_London,exact_name
Creation,JLV-54863,2000000000800,Parfum,,4830,6050,14000,MIX,,Милллилитр,https://www.parfumo.com/Perfumes/La_Perla/Creation,exact_name,https://www.parfumo.com/Perfumes/La_Perla/Creation,exact_name
Жидкость для диффузора 120МЛ,QXK-87557,2000000000794,MIX,,14,653400,1500000,MIX,,Штука,,,,
Erba Pura,ASO-55135,2000000000770,,,660,6050,12000,Sospiro,,Милллилитр,https://www.parfumo.com/Perfumes/Xerjoff/Erba_Pura,exact_name,https://www.parfumo.com/Perfumes/Xerjoff/Erba_Pura,exact_name
Ebene Fume,CJU-16159,2000000000763,,,450,6050,12000,Tom Ford,,Милллилитр,,,,
Tendre,FZS-78527,2000000000756,,,465,6050,12000,Chanel,,Милллилитр,,,,
Delina,SWY-26879,2000000000749,,,490,6050,12000,Parfum de Marly,,Милллилитр,,,,
Another 13,FIB-42860,2000000000732,,,480,6050,18000,Le Labo,,Милллилитр,,,,
Devil’s Intrigue,IFN-15347,2000000000725,,,480,6050,18000,HFC,,Милллилитр,https://www.parfumo.com/Perfumes/Haute_Fragrance_Company/Devil_s_Intrigue,exact_name,https://www.parfumo.com/Perfumes/Haute_Fragrance_Company/Devil_s_Intrigue,exact_name
Torino 22,ZLI-97031,2000000000718,,,740,6050,18000,XERJOFF,,Милллилитр,https://www.parfumo.com/Perfumes/Xerjoff/torino22,fuzzy_brand_0.94,https://www.parfumo.com/Perfumes/Xerjoff/torino22,fuzzy_brand_0.94
Bois Imperial,DLM-38617,2000000000701,,,490,6050,12000,Essential,,Милллилитр,,,,
Irish Leather,USE-21139,2000000000688,,,690,6050,12000,Memo,,Милллилитр,,,,
Andromeda,RDV-89436,2000000000671,,,475,6050,12000,Tiziana Terenzi,,Милллилитр,https://www.parfumo.com/Perfumes/Fabled_Fragrances/Andromeda,exact_name,https://www.parfumo.com/Perfumes/Fabled_Fragrances/Andromeda,exact_name
Parisian Musc,LKR-08653,2000000000664,,,480,4840,12000,Matiere Premiere,,Милллилитр,,,,
Santal 33,KOJ-72284,2000000000657,,,490,4840,12000,Le Labo,,Милллилитр,,,,
Gumin,TKX-36307,2000000000640,,,450,6050,18000,Tiziana Terenzi,,Милллилитр,https://www.parfumo.com/Perfumes/Tiziana_Terenzi/Gumn,fuzzy_brand_0.80,https://www.parfumo.com/Perfumes/Tiziana_Terenzi/Gumn,fuzzy_brand_0.80
Elysium,NOM-15298,2000000000633,,,378,4840,18000,ROJA,,Милллилитр,https://www.parfumo.com/Perfumes/Beary/Elysium,exact_name,https://www.parfumo.com/Perfumes/Beary/Elysium,exact_name
Black Afgano,EVP-89343,2000000000626,,,335,6050,18000,Nasomatto,,Милллилитр,https://www.parfumo.com/Perfumes/Sunnamusk/black-afgano,exact_name,https://www.parfumo.com/Perfumes/Sunnamusk/black-afgano,exact_name
Silver Mountain,DLT-49032,2000000000619,,,190,4840,12000,Creed,,Милллилитр,https://www.parfumo.com/Perfumes/Creed/Silver_Mountain_Water,fuzzy_brand_0.83,https://www.parfumo.com/Perfumes/Creed/Silver_Mountain_Water,fuzzy_brand_0.83
Bombshell,AAI-45837,2000000000602,,,190,3630,12000,Victorias Secret,,Милллилитр,https://www.parfumo.com/Perfumes/Mojo_Spa/Bombshell,exact_name,https://www.parfumo.com/Perfumes/Mojo_Spa/Bombshell,exact_name
Pink Molecule 090,ZMP-12290,2000000000596,,,490,4840,12000,Zarkoperfume,,Милллилитр,https://www.parfumo.com/Perfumes/Zarko_Perfume/Pink_Molecule_090_09,fuzzy_brand_0.89,https://www.parfumo.com/Perfumes/Zarko_Perfume/Pink_Molecule_090_09,fuzzy_brand_0.89
Marfa,YBG-29885,2000000000589,,,435,6050,12000,Memo,,Милллилитр,,,,
Molecule 02,MVP-85522,2000000000572,,,330,6050,12000,Escentric,,Милллилитр,https://www.parfumo.com/Perfumes/Escentric_Molecules/Molecule_02,exact_name,https://www.parfumo.com/Perfumes/Escentric_Molecules/Molecule_02,exact_name
Ganymede Extrait,KCC-75718,2000000000565,,,631,4840,18000,Marc Antoine Barrois,,Милллилитр,https://www.parfumo.com/Perfumes/Marc_Antoine_Barrois/ganymede-extrait,exact_name,https://www.parfumo.com/Perfumes/Marc_Antoine_Barrois/ganymede-extrait,exact_name
Ganymede,RNX-14435,2000000000558,,,444,4840,12000,Marc Antoine Barrois,,Милллилитр,,,,
Tygar,SGH-85729,2000000000497,,,518,6050,12000,Bvlgari,,Милллилитр,,,,
Meteore,GRZ-60211,2000000000480,,,710,6050,12000,Louis Vuitton,,Милллилитр,,,,
Fabulous,TXL-62712,2000000000473,,,490,6050,12000,Tom Ford,,Милллилитр,https://www.parfumo.com/Perfumes/mark-des-vince/fabulous,exact_name,https://www.parfumo.com/Perfumes/mark-des-vince/fabulous,exact_name
Tobacco Vanille,HOK-27023,2000000000466,,,450,4840,12000,Tom Ford,,Милллилитр,,,,
Encelade,MYH-18267,2000000000459,,,470,6050,12000,Marc Antoine Barrois,,Милллилитр,https://www.parfumo.com/Perfumes/Marc_Antoine_Barrois/encelade,exact_name,https://www.parfumo.com/Perfumes/Marc_Antoine_Barrois/encelade,exact_name
On The Beach,WZQ-64324,2000000000442,,,300,6050,12000,Louis Vuitton,,Милллилитр,https://www.parfumo.com/Perfumes/Louis_Vuitton/on-the-beach,exact_brand_name,https://www.parfumo.com/Perfumes/Louis_Vuitton/on-the-beach,exact_brand_name
Dancing Blossom,PAF-63206,2000000000435,,,270,6050,12000,Louis Vuitton,,Милллилитр,https://www.parfumo.com/Perfumes/Louis_Vuitton/dancing-blossom,exact_brand_name,https://www.parfumo.com/Perfumes/Louis_Vuitton/dancing-blossom,exact_brand_name
Stellar Times,PIJ-77546,2000000000428,,,200,6050,12000,Louis Vuitton,,Милллилитр,https://www.parfumo.com/Perfumes/Louis_Vuitton/stellar-times,exact_brand_name,https://www.parfumo.com/Perfumes/Louis_Vuitton/stellar-times,exact_brand_name
Pacific Chill,IOZ-58344,2000000000411,,,170,6050,12000,Louis Vuitton,,Милллилитр,https://www.parfumo.com/Perfumes/Louis_Vuitton/pacific-chill,exact_brand_name,https://www.parfumo.com/Perfumes/Louis_Vuitton/pacific-chill,exact_brand_name
City of Stars,IKE-81005,2000000000404,,,700,4840,12000,Louis Vuitton,,Милллилитр,https://www.parfumo.com/Perfumes/Louis_Vuitton/city-of-stars,exact_brand_name,https://www.parfumo.com/Perfumes/Louis_Vuitton/city-of-stars,exact_brand_name
Ombre Nomade,LCO-81552,2000000000398,,,380,6050,12000,Louis Vuitton,,Милллилитр,https://www.parfumo.com/Perfumes/Louis_Vuitton/Ombre_Nomade,exact_brand_name,https://www.parfumo.com/Perfumes/Louis_Vuitton/Ombre_Nomade,exact_brand_name
Au Hasard,ISA-97487,2000000000381,,,900,6050,12000,Louis Vuitton,,Милллилитр,https://www.parfumo.com/Perfumes/Louis_Vuitton/Au_Hasard,exact_brand_name,https://www.parfumo.com/Perfumes/Louis_Vuitton/Au_Hasard,exact_brand_name
Black Phantom,MUV-14638,2000000000374,,,450,6050,12000,Kilian,,Милллилитр,,,,
Apple Brandy,EJU-89080,2000000000367,,,750,6050,12000,Kilian,,Милллилитр,,,,
Princess,HJO-80689,2000000000350,,,500,4840,12000,Kilian,,Милллилитр,https://www.parfumo.com/Perfumes/max/princess,exact_name,https://www.parfumo.com/Perfumes/max/princess,exact_name
Kissing Burns 6.4,VXJ-21566,2000000000343,,,490,6050,12000,Kilian,,Милллилитр,,,,
Love Don’t BY ShY,AIA-65118,2000000000336,,,690,6050,12000,Kilian,,Милллилитр,,,,
Angel’s Share,JXR-31253,2000000000329,,,490,6050,12000,Kilian,,Милллилитр,https://www.parfumo.com/Perfumes/Kilian/angels-share,exact_brand_name,https://www.parfumo.com/Perfumes/Kilian/angels-share,exact_brand_name
Roses On Ice,IAQ-04788,2000000000312,,,690,6050,12000,Kilian,,Милллилитр,https://www.parfumo.com/Perfumes/Kilian/roses-on-ice,exact_brand_name,https://www.parfumo.com/Perfumes/Kilian/roses-on-ice,exact_brand_name
L’Heure Verte,QJX-80886,2000000000305,,,750,6050,12000,Kilian,,Милллилитр,,,,
My Way,TQM-73496,2000000000299,,,705,6050,12000,Armani,,Милллилитр,https://www.parfumo.com/Perfumes/Judith_Williams/My_Way,exact_name,https://www.parfumo.com/Perfumes/Judith_Williams/My_Way,exact_name
Rolling in Love,TSU-06751,2000000000282,,,890,6050,12000,Kilian,,Милллилитр,https://www.parfumo.com/Perfumes/Kilian/rolling-in-love,exact_brand_name,https://www.parfumo.com/Perfumes/Kilian/rolling-in-love,exact_brand_name
Divine Blossom,CMU-34679,2000000000275,,,750,4840,12000,HFC,,Милллилитр,https://www.parfumo.com/Perfumes/Haute_Fragrance_Company/divine-blossom,exact_name,https://www.parfumo.com/Perfumes/Haute_Fragrance_Company/divine-blossom,exact_name
Montabaco,AWW-75607,2000000000268,,,500,6050,12000,Ormondo Jayne,,Милллилитр,,,,
Afternoon Swim,VXT-21479,2000000000251,,,950,6050,12000,Louis Vuitton,,Милллилитр,https://www.parfumo.com/Perfumes/Louis_Vuitton/Afternoon_Swim,exact_brand_name,https://www.parfumo.com/Perfumes/Louis_Vuitton/Afternoon_Swim,exact_brand_name
Ombre Leather,RRG-36332,2000000000244,,,395,3630,12000,Tom Ford,,Милллилитр,https://www.parfumo.com/Perfumes/Tom_Ford/Ombre_Leather_16,fuzzy_brand_0.83,https://www.parfumo.com/Perfumes/Tom_Ford/Ombre_Leather_16,fuzzy_brand_0.83
Electric Cherry,AOU-50840,2000000000237,,,900,3630,12000,Tom Ford,,Милллилитр,https://www.parfumo.com/Perfumes/Tom_Ford/electric-cherry,exact_brand_name,https://www.parfumo.com/Perfumes/Tom_Ford/electric-cherry,exact_brand_name
Smoke Cherry,SAK-21965,2000000000220,,,670,3630,18000,Tom Ford,,Милллилитр,,,,
Lost Cherry,FTP-35831,2000000000213,,,630,6050,12000,Tom Ford,,Милллилитр,,,,
Good Girl Gone Bad,BNV-61379,2000000000206,,,530,6050,12000,Kilian,,Милллилитр,https://www.parfumo.com/Perfumes/Kilian/Good_girl_gone_Bad_Extreme,fuzzy_brand_0.82,https://www.parfumo.com/Perfumes/Kilian/Good_girl_gone_Bad_Extreme,fuzzy_brand_0.82
Baccarat Rouge 540,MKI-19617,2000000000190,,,465,6050,12000,Maison Francis Kurkdjian,,Милллилитр,,,,
N4 Apres l’Amour,NIU-79431,2000000000183,,,315,3630,12000,Thomas Kosmala,,Милллилитр,https://www.parfumo.com/Perfumes/Thomas_Kosmala/N_4__Apres_l_Amour,fuzzy_brand_0.88,https://www.parfumo.com/Perfumes/Thomas_Kosmala/N_4__Apres_l_Amour,fuzzy_brand_0.88
Oud Wood,RMU-58619,2000000000176,,,475,6050,12000,Tom Ford,,Милллилитр,https://www.parfumo.com/Perfumes/Duftanker_MGO_Duftmanufaktur/Oud_Wood,exact_name,https://www.parfumo.com/Perfumes/Duftanker_MGO_Duftmanufaktur/Oud_Wood,exact_name
Indian Venus,MDX-78537,2000000000169,,,665,6050,12000,HFC,,Милллилитр,https://www.parfumo.com/Perfumes/Haute_Fragrance_Company/Indian_Venus,exact_name,https://www.parfumo.com/Perfumes/Haute_Fragrance_Company/Indian_Venus,exact_name
Fahrenheit,OED-47878,2000000000152,,,480,3630,12000,Dior,,Милллилитр,https://www.parfumo.com/Perfumes/Alexandria_Fragrances/69-fahrenheit,exact_name,https://www.parfumo.com/Perfumes/Alexandria_Fragrances/69-fahrenheit,exact_name
Sauvage,DCL-90941,2000000000145,,,500,3630,12000,Dior,,Милллилитр,,,,
Musk Therapy,VFS-02865,2000000000138,,,440,3630,12000,INITIO,,Милллилитр,https://www.parfumo.com/Perfumes/Initio/musk-therapy,exact_brand_name,https://www.parfumo.com/Perfumes/Initio/musk-therapy,exact_brand_name
Rehab,ORR-31738,2000000000121,,,490,3630,12000,INITIO,,Милллилитр,https://www.parfumo.com/Perfumes/Initio/Rehab,exact_brand_name,https://www.parfumo.com/Perfumes/Initio/Rehab,exact_brand_name
Oud for Greatness,WVM-67460,2000000000114,,,500,3025,12000,INITIO,,Милллилитр,https://www.parfumo.com/Perfumes/Initio/Oud_for_Greatness,exact_brand_name,https://www.parfumo.com/Perfumes/Initio/Oud_for_Greatness,exact_brand_name
Hacivat,WXA-14468,2000000000107,,,700,2420,12000,NISHANE,,Милллилитр,https://www.parfumo.com/Perfumes/Nishane/Hacivat,exact_brand_name,https://www.parfumo.com/Perfumes/Nishane/Hacivat,exact_brand_name
Symphony,EAX-55136,2000000000091,,,480,6050,12000,Louis Vuitton,,Милллилитр,https://www.parfumo.com/Perfumes/Louis_Vuitton/symphony,exact_brand_name,https://www.parfumo.com/Perfumes/Louis_Vuitton/symphony,exact_brand_name
Imagination,NVP-53364,2000000000084,,,790,6050,12000,Louis Vuitton,,Милллилитр,https://www.parfumo.com/Perfumes/Louis_Vuitton/imagination,exact_brand_name,https://www.parfumo.com/Perfumes/Louis_Vuitton/imagination,exact_brand_name
Aventus Man,XLS-75438,2000000000077,,,722,6050,12000,Creed,,Милллилитр,,,,
California Dream,AHS-04953,2000000000060,,,615,6050,12000,Louis Vuitton,,Милллилитр,https://www.parfumo.com/Perfumes/Louis_Vuitton/california-dream,exact_brand_name,https://www.parfumo.com/Perfumes/Louis_Vuitton/california-dream,exact_brand_name
Limmensite,EWY-67856,2000000000053,,,447,6050,12000,Louis Vuitton,,Милллилитр,https://www.parfumo.com/Perfumes/Louis_Vuitton/L_Immensite,fuzzy_brand_0.90,https://www.parfumo.com/Perfumes/Louis_Vuitton/L_Immensite,fuzzy_brand_0.90
Attar Musc Kashmir,BID-31812,2000000000046,,,500,6050,12000,,,Милллилитр,,,,
Chanel blue,QIG-77879,2000000000039,Parfum,,89,6050,12000,Chanel,,Милллилитр,,,,
Tom ford lost cherry,WJG-14997,2000000000022,Parfum,,78,6050,12000,Tom Ford,,Милллилитр,,,,
